Amount,Frequency,Location,Device,Time,AccountAge,Fraud
193808,9,International,POS,Afternoon,33,1
129187,4,Different City,Web,Afternoon,96,0
40981,9,Different City,POS,Afternoon,51,0
15739,6,International,POS,Afternoon,44,0
55262,9,International,Web,Evening,79,0
53099,2,Different City,Web,Evening,81,0
123329,3,Same City,ATM,Afternoon,82,0
189809,10,Different City,ATM,Morning,53,0
185618,10,International,POS,Afternoon,33,1
84510,8,Same City,ATM,Evening,86,0
47591,3,International,POS,Evening,17,0
119297,6,Same City,POS,Evening,116,0
151677,8,International,ATM,Night,80,1
196215,6,International,ATM,Afternoon,22,1
121132,3,Different City,Web,Morning,99,0
162781,7,International,Mobile,Morning,70,1
7449,1,Different City,ATM,Morning,33,0
5471,8,International,Web,Evening,22,0
69188,4,International,Mobile,Afternoon,27,0
112261,8,Different City,ATM,Morning,94,0
134515,10,Same City,POS,Evening,18,0
178602,9,International,Web,Evening,53,1
183614,4,International,Web,Evening,107,0
19497,1,International,Web,Evening,117,0
184989,5,Different City,ATM,Evening,12,0
13005,8,Different City,ATM,Afternoon,55,0
89402,7,Same City,ATM,Night,51,0
116520,2,Same City,POS,Morning,95,0
148137,5,International,ATM,Afternoon,92,0
61608,9,Same City,Mobile,Evening,10,0
1232,9,International,Mobile,Morning,30,0
182241,7,Same City,ATM,Night,73,0
10427,3,International,Web,Morning,118,0
175253,1,International,ATM,Evening,50,0
63206,5,Different City,Mobile,Night,107,0
186629,5,Different City,ATM,Evening,64,0
155119,4,International,Web,Afternoon,66,0
3372,3,Same City,POS,Night,38,0
21537,2,Different City,POS,Afternoon,116,0
46540,6,International,Mobile,Night,109,0
164387,9,International,POS,Evening,80,1
157940,3,International,POS,Night,116,0
177418,3,Different City,Mobile,Evening,41,0
32696,3,Same City,Mobile,Morning,30,0
120801,4,Same City,Web,Morning,120,0
75758,2,International,Web,Afternoon,32,0
154306,3,Different City,Web,Morning,53,0
109602,2,Same City,ATM,Morning,31,0
43766,5,Different City,Mobile,Afternoon,37,0
106864,3,Different City,POS,Afternoon,64,0
167977,10,Same City,Web,Night,5,0
99059,10,International,ATM,Afternoon,77,1
39048,7,Same City,Web,Evening,108,0
153197,2,International,POS,Afternoon,118,0
156862,8,Different City,ATM,Afternoon,52,0
123767,8,Same City,POS,Morning,22,0
77432,6,Different City,Mobile,Morning,73,0
97357,5,Different City,ATM,Night,96,0
195086,10,Different City,Mobile,Morning,14,0
14194,2,Different City,Mobile,Night,100,0
54252,7,Different City,Mobile,Night,41,0
58429,3,Same City,ATM,Night,26,0
188391,6,Same City,Web,Morning,55,0
101780,7,International,POS,Night,52,1
105220,6,Different City,POS,Night,80,0
69870,1,Same City,ATM,Afternoon,90,0
18703,4,Different City,ATM,Morning,3,0
126361,10,Same City,Mobile,Evening,20,0
119914,1,International,POS,Evening,69,0
194859,10,Same City,ATM,Evening,84,0
138831,1,International,POS,Afternoon,78,0
108689,1,Same City,ATM,Evening,92,0
186599,5,Different City,ATM,Afternoon,70,0
171646,8,Different City,POS,Evening,94,0
123272,7,International,POS,Evening,57,1
185152,9,International,ATM,Morning,8,1
105339,10,Same City,Mobile,Afternoon,94,0
127878,8,International,ATM,Afternoon,67,1
186992,9,International,Mobile,Night,87,1
46710,4,International,Web,Night,89,0
120899,8,Same City,ATM,Night,55,0
141078,9,Same City,ATM,Afternoon,115,0
149453,8,Same City,Mobile,Evening,91,0
54452,9,Same City,Mobile,Afternoon,103,0
197576,10,International,POS,Morning,98,1
91253,10,International,POS,Evening,1,1
114194,2,Different City,Web,Afternoon,37,0
156543,7,Same City,Web,Evening,16,0
149152,9,Same City,Web,Evening,16,0
159748,10,Same City,ATM,Morning,48,0
164662,1,International,ATM,Morning,55,0
764,5,Same City,Web,Evening,69,0
151445,4,Same City,Web,Night,13,0
198347,5,Different City,Mobile,Morning,26,0
6117,9,Different City,Mobile,Evening,48,0
23375,6,Same City,ATM,Morning,67,0
92922,3,International,POS,Afternoon,1,0
186277,8,Different City,POS,Morning,10,0
182418,8,Same City,POS,Night,119,0
32018,8,Different City,POS,Evening,33,0
119243,2,Same City,Mobile,Morning,85,0
117401,6,Same City,POS,Evening,73,0
73924,5,International,Mobile,Afternoon,38,0
49430,4,Different City,ATM,Night,111,0
14221,5,Different City,Mobile,Afternoon,95,0
35713,5,Different City,Mobile,Afternoon,115,0
105210,5,International,Mobile,Afternoon,81,0
21909,2,Same City,ATM,Morning,117,0
68884,6,International,Mobile,Afternoon,49,0
194423,5,International,Web,Evening,94,0
134871,2,Different City,ATM,Morning,14,0
166541,4,International,POS,Afternoon,16,0
155386,4,Same City,POS,Evening,30,0
40121,1,International,ATM,Afternoon,98,0
131877,7,Same City,Mobile,Afternoon,67,0
66028,4,Same City,Mobile,Afternoon,11,0
19147,6,Different City,Web,Evening,68,0
27144,3,International,Web,Morning,70,0
126859,4,Same City,Web,Afternoon,104,0
111389,4,Different City,Mobile,Morning,55,0
186077,4,Different City,Mobile,Afternoon,109,0
66746,9,Same City,ATM,Afternoon,117,0
111891,1,Different City,Mobile,Night,103,0
183824,2,Same City,POS,Afternoon,9,0
26201,5,Same City,ATM,Afternoon,79,0
198810,5,Same City,Web,Afternoon,45,0
83481,8,Different City,Mobile,Afternoon,67,0
122159,8,Same City,Mobile,Afternoon,17,0
123991,8,International,Mobile,Morning,45,1
3166,1,International,ATM,Night,84,0
85444,3,International,Web,Evening,41,0
181915,10,Same City,ATM,Afternoon,88,0
158616,7,International,Web,Afternoon,78,1
52365,2,Different City,POS,Night,46,0
162388,3,International,Mobile,Morning,89,0
179665,1,Different City,ATM,Afternoon,33,0
55842,9,International,ATM,Evening,106,0
95512,8,International,Mobile,Afternoon,76,1
79524,7,International,POS,Afternoon,96,0
165270,5,Different City,Web,Morning,58,0
120465,4,Same City,POS,Morning,114,0
64261,4,Different City,Mobile,Morning,114,0
90784,9,International,Mobile,Afternoon,115,1
102557,9,Different City,ATM,Morning,11,0
22264,10,Different City,Web,Evening,40,0
191456,9,Same City,Web,Afternoon,104,0
159847,9,Different City,POS,Evening,74,0
53043,8,Different City,Web,Evening,16,0
97400,6,Different City,POS,Night,74,0
148757,9,Same City,Mobile,Night,69,0
19989,8,Same City,Mobile,Evening,111,0
58106,9,International,ATM,Night,48,0
156330,8,Different City,ATM,Afternoon,82,0
124800,10,Different City,POS,Morning,44,0
32665,10,Same City,POS,Morning,75,0
29706,7,International,ATM,Evening,92,0
109396,1,International,Web,Night,92,0
38277,5,International,ATM,Morning,44,0
4619,3,International,Mobile,Evening,90,0
199266,9,International,POS,Afternoon,41,1
3376,4,International,Web,Morning,97,0
54529,2,International,ATM,Afternoon,6,0
148573,3,Different City,Mobile,Morning,10,0
19278,7,International,POS,Morning,57,0
2856,1,Different City,Mobile,Evening,78,0
127106,8,Same City,POS,Morning,5,0
90502,3,International,Web,Night,53,0
161594,6,Same City,ATM,Morning,80,0
140158,9,Different City,Web,Evening,26,0
194063,10,Same City,Mobile,Morning,68,0
46278,3,Different City,Web,Afternoon,1,0
153713,10,Different City,Mobile,Afternoon,101,0
155730,10,Same City,Web,Evening,42,0
76636,1,Different City,Mobile,Night,82,0
191931,1,Different City,Web,Afternoon,30,0
39549,10,Different City,POS,Night,26,0
155208,10,Same City,ATM,Afternoon,92,0
168675,4,International,ATM,Night,22,0
26293,3,International,ATM,Night,64,0
921,4,Same City,ATM,Night,76,0
42952,7,Different City,POS,Morning,68,0
81912,5,International,ATM,Afternoon,26,0
159127,5,International,ATM,Evening,69,0
97814,2,Same City,ATM,Morning,95,0
44120,6,Different City,ATM,Morning,57,0
56369,8,Different City,POS,Afternoon,114,0
105383,4,International,POS,Evening,70,0
55026,9,Different City,POS,Afternoon,26,0
108385,1,Same City,POS,Afternoon,75,0
54168,1,Different City,POS,Morning,57,0
620,8,Different City,POS,Evening,77,0
132493,3,Different City,Web,Morning,111,0
22955,2,International,Web,Night,73,0
87990,5,Same City,POS,Morning,21,0
166211,10,Same City,ATM,Afternoon,9,0
51618,9,Different City,ATM,Night,74,0
160623,6,Same City,POS,Evening,71,0
147676,10,International,Web,Morning,107,1
111635,7,International,Web,Evening,91,1
37485,6,Different City,POS,Afternoon,39,0
154959,2,Different City,POS,Morning,65,0
25476,3,Different City,Mobile,Morning,94,0
8734,8,Same City,ATM,Night,57,0
63580,6,Same City,Mobile,Afternoon,101,0
104803,9,International,ATM,Morning,23,1
199927,2,Same City,Web,Afternoon,93,0
46184,1,International,Mobile,Evening,22,0
163412,3,Same City,Mobile,Night,25,0
46776,3,International,Mobile,Night,25,0
94569,2,Different City,Mobile,Evening,78,0
3824,6,Different City,Mobile,Evening,57,0
196924,5,International,Web,Morning,83,0
8540,8,Same City,Web,Night,15,0
84713,1,International,Web,Morning,74,0
46681,6,Same City,Mobile,Evening,119,0
151331,1,Same City,ATM,Afternoon,39,0
19152,9,Different City,Web,Morning,108,0
149304,9,Different City,ATM,Night,63,0
189331,2,Different City,Mobile,Afternoon,82,0
189702,3,International,POS,Morning,63,0
128595,6,International,POS,Night,87,1
198507,4,International,Mobile,Night,76,0
77540,3,Different City,POS,Evening,6,0
49761,2,Same City,ATM,Morning,9,0
118123,3,Same City,ATM,Night,3,0
100844,2,Same City,Mobile,Morning,21,0
59036,8,Different City,ATM,Morning,52,0
129782,9,Same City,Web,Afternoon,77,0
174389,4,Same City,Mobile,Evening,48,0
80804,6,Same City,ATM,Evening,79,0
31467,2,International,Web,Night,57,0
165519,10,International,Mobile,Morning,5,1
181072,2,International,Web,Night,21,0
113054,3,Different City,ATM,Afternoon,72,0
148790,7,Different City,Mobile,Evening,25,0
139251,8,International,Web,Night,31,1
144489,1,Different City,Mobile,Evening,19,0
163641,6,International,Web,Morning,38,1
121231,8,Different City,Mobile,Evening,87,0
12005,4,International,Web,Afternoon,46,0
129588,10,Different City,ATM,Evening,8,0
108902,8,International,ATM,Night,58,1
73143,1,Different City,Web,Morning,72,0
10215,7,International,Mobile,Afternoon,96,0
26982,4,Different City,Mobile,Night,104,0
83713,10,Different City,POS,Morning,12,0
116107,2,Same City,POS,Morning,34,0
37815,9,International,Web,Evening,40,0
79533,1,Same City,ATM,Afternoon,29,0
59738,2,Different City,POS,Night,47,0
27441,10,Different City,POS,Night,110,0
78383,5,Different City,ATM,Afternoon,103,0
138832,8,Same City,ATM,Morning,110,0
142732,5,Different City,Web,Afternoon,108,0
197378,7,Same City,Mobile,Evening,86,0
138917,8,International,ATM,Evening,45,1
181384,10,Different City,ATM,Morning,27,0
61808,2,Different City,Web,Afternoon,32,0
184799,2,Different City,Mobile,Evening,40,0
104758,6,Same City,Mobile,Afternoon,119,0
181687,2,International,Web,Morning,119,0
177021,4,Same City,POS,Morning,26,0
176421,2,International,ATM,Afternoon,4,0
118659,5,Same City,POS,Evening,74,0
48360,3,Same City,ATM,Evening,75,0
120466,8,International,ATM,Morning,33,1
194404,4,Different City,ATM,Night,83,0
66139,8,International,Mobile,Night,36,0
151241,1,Different City,POS,Evening,33,0
91619,1,Same City,POS,Morning,27,0
109415,9,Different City,ATM,Evening,46,0
88223,4,Different City,Web,Afternoon,33,0
52326,8,Different City,POS,Morning,74,0
123673,9,International,ATM,Night,77,1
4512,9,International,Mobile,Afternoon,22,0
57206,10,Same City,POS,Afternoon,92,0
133473,6,International,Web,Morning,86,1
158668,9,Different City,Mobile,Night,25,0
99251,10,Same City,Mobile,Afternoon,32,0
107874,5,Same City,ATM,Evening,107,0
64843,4,Same City,Mobile,Night,15,0
109404,3,Different City,POS,Night,77,0
180220,9,Different City,Web,Evening,60,0
70114,1,Same City,Mobile,Morning,74,0
183851,3,Same City,POS,Evening,114,0
7442,10,International,Web,Afternoon,82,0
71503,7,Same City,Web,Night,111,0
41694,8,International,ATM,Afternoon,85,0
20792,2,Same City,Web,Evening,29,0
111782,10,Same City,Mobile,Night,71,0
143060,6,Different City,ATM,Morning,55,0
42678,2,Different City,POS,Morning,99,0
101571,4,International,POS,Morning,102,0
50418,9,Same City,Web,Afternoon,88,0
50728,7,International,POS,Morning,12,0
71133,9,International,Mobile,Night,51,0
89988,5,Same City,POS,Afternoon,118,0
191288,1,Different City,Web,Afternoon,50,0
80561,6,International,Web,Afternoon,44,1
199646,9,International,Web,Morning,2,1
8373,10,Different City,POS,Afternoon,95,0
95824,8,Same City,Web,Evening,108,0
98039,7,International,ATM,Night,24,1
105533,10,International,Web,Night,44,1
131803,8,Same City,POS,Night,117,0
11721,4,International,Web,Night,106,0
17160,9,Different City,ATM,Afternoon,54,0
24252,5,Different City,ATM,Morning,1,0
87182,3,International,POS,Afternoon,51,0
120015,2,Same City,POS,Morning,104,0
128120,1,International,POS,Morning,100,0
137939,3,International,Mobile,Morning,26,0
175730,8,International,Mobile,Morning,51,1
14454,2,Same City,POS,Evening,102,0
118775,5,International,POS,Afternoon,22,0
180163,7,International,POS,Morning,67,1
148920,8,Different City,Web,Evening,113,0
9997,9,Different City,ATM,Evening,79,0
6534,10,Different City,POS,Evening,10,0
147318,5,Different City,POS,Night,49,0
127402,1,International,POS,Afternoon,114,0
26637,2,International,ATM,Evening,63,0
75015,3,Same City,POS,Afternoon,91,0
108964,5,International,ATM,Evening,44,0
135103,2,International,POS,Afternoon,70,0
114760,6,Different City,Web,Evening,46,0
28468,10,Same City,Mobile,Night,77,0
194132,4,International,Mobile,Evening,65,0
19029,8,Same City,POS,Morning,3,0
61575,7,Different City,POS,Afternoon,45,0
91163,6,Same City,ATM,Afternoon,45,0
39372,2,Different City,POS,Evening,63,0
175136,5,Same City,ATM,Morning,81,0
146369,6,Different City,Mobile,Night,40,0
77966,1,International,ATM,Afternoon,63,0
85582,1,Different City,POS,Morning,16,0
145217,7,International,Mobile,Night,54,1
77183,9,Same City,Web,Morning,102,0
71221,6,International,POS,Morning,37,0
183221,3,Same City,POS,Afternoon,40,0
13608,2,Different City,ATM,Morning,79,0
164160,8,Same City,Web,Evening,62,0
117640,8,Different City,Mobile,Morning,8,0
115925,3,Same City,POS,Night,49,0
134221,2,Different City,Web,Afternoon,15,0
71260,7,International,Mobile,Morning,110,0
131733,7,Different City,Web,Night,37,0
172475,10,International,Mobile,Evening,43,1
157767,4,International,ATM,Morning,10,0
82034,9,Different City,Web,Evening,94,0
157138,6,International,Web,Morning,79,1
180692,3,Different City,POS,Night,18,0
100742,6,Same City,POS,Evening,95,0
30134,1,Same City,POS,Afternoon,81,0
99302,10,International,Mobile,Afternoon,22,1
79771,1,Different City,ATM,Morning,87,0
81099,9,Same City,Mobile,Evening,6,0
3223,7,International,Web,Morning,56,0
148741,2,Different City,Mobile,Evening,118,0
20161,7,Different City,Mobile,Night,33,0
91799,2,International,Web,Night,81,0
195492,7,Different City,Web,Afternoon,71,0
172351,9,Different City,POS,Evening,84,0
193745,9,Different City,Web,Evening,74,0
19499,5,Same City,Mobile,Afternoon,114,0
123605,4,Different City,Web,Evening,118,0
68852,3,Same City,Web,Morning,41,0
115704,4,International,POS,Night,15,0
135904,5,Different City,POS,Afternoon,3,0
116168,5,Different City,POS,Afternoon,18,0
149929,8,Different City,Web,Night,30,0
71919,10,International,Web,Afternoon,101,0
121237,4,Different City,Web,Morning,92,0
45708,5,International,Mobile,Afternoon,9,0
177566,5,Different City,Mobile,Morning,99,0
198354,2,Same City,Mobile,Night,38,0
46909,8,International,Mobile,Evening,70,0
146869,1,Different City,Mobile,Afternoon,34,0
152347,8,Same City,POS,Night,46,0
69894,2,Different City,Web,Evening,52,0
181689,10,Same City,POS,Night,97,0
147647,1,Same City,Mobile,Night,111,0
132351,9,Different City,ATM,Night,60,0
158451,2,Same City,ATM,Night,27,0
129182,1,International,Web,Morning,63,0
157158,10,International,Web,Afternoon,108,1
100636,6,Same City,Mobile,Evening,53,0
5819,2,International,ATM,Afternoon,108,0
181986,6,Different City,POS,Afternoon,2,0
158160,7,Different City,Web,Night,65,0
186227,8,Same City,Web,Morning,7,0
152265,4,Same City,Mobile,Evening,35,0
143741,9,Same City,ATM,Evening,107,0
24219,9,Different City,ATM,Night,78,0
155720,6,Different City,POS,Afternoon,48,0
729,8,Same City,POS,Night,67,0
122870,8,Different City,POS,Night,75,0
111302,3,Same City,Mobile,Morning,82,0
180539,4,Different City,POS,Afternoon,15,0
44572,4,Same City,Mobile,Evening,58,0
38865,2,International,ATM,Night,84,0
5665,3,Different City,POS,Night,42,0
96427,6,Same City,Web,Morning,59,0
111931,3,International,Web,Night,57,0
187156,4,Same City,ATM,Evening,28,0
71359,2,Different City,ATM,Evening,55,0
91751,8,International,ATM,Afternoon,67,1
81384,3,Same City,Mobile,Evening,95,0
115866,4,Same City,POS,Night,23,0
20851,9,International,Web,Night,62,0
162429,4,Same City,Web,Afternoon,102,0
196532,3,Same City,ATM,Night,28,0
195248,1,International,Web,Morning,104,0
188393,2,International,POS,Morning,51,0
181993,10,International,Mobile,Evening,45,1
184722,10,International,POS,Night,112,1
180926,7,Same City,ATM,Morning,36,0
143385,5,International,Mobile,Morning,101,0
24538,7,Different City,Mobile,Night,23,0
49933,6,Different City,Web,Morning,62,0
83483,1,Same City,POS,Evening,19,0
72251,3,Same City,POS,Night,107,0
118513,10,International,POS,Evening,71,1
117890,7,Different City,Web,Afternoon,77,0
60324,4,Different City,POS,Morning,14,0
3323,2,International,POS,Morning,81,0
130137,3,Same City,ATM,Night,94,0
157335,6,International,ATM,Afternoon,41,1
196498,3,International,POS,Evening,11,0
53613,8,Same City,Web,Afternoon,81,0
93840,5,Same City,Web,Evening,32,0
144397,7,Different City,Web,Morning,39,0
49987,5,International,POS,Morning,53,0
140790,9,International,POS,Evening,69,1
65941,10,Different City,Web,Morning,22,0
150264,9,Different City,Mobile,Night,39,0
175779,9,Different City,POS,Morning,4,0
121244,6,Same City,ATM,Afternoon,73,0
198568,9,International,Mobile,Afternoon,69,1
146241,6,Same City,Web,Morning,23,0
174411,4,Same City,Web,Night,58,0
38263,5,Same City,POS,Afternoon,47,0
106838,1,Different City,Web,Evening,83,0
153030,4,Same City,Web,Night,54,0
35009,6,Different City,POS,Night,14,0
33431,9,Different City,POS,Night,65,0
163760,9,International,ATM,Evening,15,1
141968,6,International,ATM,Morning,29,1
126622,5,International,Web,Evening,101,0
192934,10,Different City,ATM,Afternoon,55,0
141597,3,Different City,POS,Night,89,0
14073,10,Different City,Mobile,Evening,85,0
92773,5,International,Web,Evening,69,0
145838,5,Different City,Web,Afternoon,84,0
102169,2,Same City,Web,Night,108,0
140185,3,International,Web,Afternoon,89,0
36971,3,Different City,ATM,Afternoon,73,0
199055,10,Different City,Mobile,Afternoon,66,0
119227,5,Different City,Web,Night,96,0
148108,2,International,Web,Afternoon,88,0
85228,1,Different City,POS,Evening,65,0
23924,9,Different City,Web,Afternoon,25,0
6865,10,Same City,POS,Night,111,0
86094,10,International,POS,Evening,103,1
75124,4,Different City,Web,Night,59,0
46234,10,Same City,Mobile,Morning,48,0
53901,8,Same City,Web,Morning,117,0
25509,7,Different City,POS,Evening,113,0
150033,5,International,ATM,Afternoon,6,0
18700,4,Different City,Web,Night,91,0
83748,8,Different City,Web,Evening,111,0
119074,7,Different City,POS,Morning,78,0
61057,9,Same City,ATM,Afternoon,117,0
115072,2,Different City,ATM,Night,3,0
120328,1,Different City,POS,Afternoon,10,0
6620,3,Different City,Web,Afternoon,105,0
82127,2,Different City,Mobile,Afternoon,49,0
179127,1,Different City,Web,Morning,31,0
30720,7,Different City,Mobile,Morning,46,0
93086,1,Different City,ATM,Morning,78,0
62348,10,International,Mobile,Morning,44,0
100180,9,International,POS,Evening,35,1
175244,2,Different City,ATM,Evening,48,0
56580,6,Different City,POS,Night,84,0
159736,1,Same City,POS,Morning,47,0
141049,5,Different City,Mobile,Night,5,0
124181,7,Same City,POS,Morning,56,0
154185,4,International,Web,Night,98,0
60725,9,Different City,ATM,Evening,96,0
74014,9,Same City,Web,Morning,17,0
33211,6,International,ATM,Evening,66,0
86541,3,Same City,Mobile,Afternoon,97,0
116929,6,International,Web,Evening,35,1
17336,3,Same City,ATM,Night,4,0
53544,10,Different City,ATM,Afternoon,73,0
87914,8,Different City,Web,Night,12,0
16221,8,Same City,ATM,Evening,72,0
169996,9,International,ATM,Evening,103,1
160116,4,Different City,POS,Morning,82,0
73210,9,International,Web,Evening,104,0
137080,7,Same City,Mobile,Night,40,0
81288,9,International,Web,Afternoon,26,1
16201,10,Same City,Web,Night,7,0
96934,2,Same City,POS,Morning,6,0
93881,6,International,Web,Afternoon,60,1
50652,3,International,ATM,Morning,14,0
194143,2,Different City,ATM,Morning,88,0
104541,3,International,ATM,Morning,89,0
185683,8,Same City,Web,Night,81,0
47310,9,Same City,Mobile,Morning,57,0
179142,7,Same City,Mobile,Evening,89,0
126068,7,Different City,ATM,Night,5,0
89692,2,Same City,Web,Evening,55,0
97524,1,Same City,ATM,Morning,114,0
6860,6,Same City,Web,Evening,83,0
26627,5,Different City,POS,Morning,59,0
184158,5,Different City,ATM,Evening,28,0
146730,2,International,ATM,Night,11,0
186564,5,Different City,POS,Morning,109,0
192147,8,Same City,ATM,Morning,56,0
21547,2,International,POS,Morning,78,0
5459,8,Same City,POS,Afternoon,113,0
134672,8,Different City,Mobile,Morning,11,0
161807,1,Different City,Mobile,Afternoon,45,0
23970,9,Different City,Web,Afternoon,17,0
186436,7,Different City,Web,Evening,61,0
184628,2,Different City,ATM,Evening,114,0
111264,3,Different City,ATM,Morning,92,0
195667,5,International,ATM,Evening,106,0
153211,3,Different City,Mobile,Morning,98,0
111441,5,International,Web,Morning,65,0
125557,1,International,Web,Night,15,0
162377,10,International,Web,Afternoon,39,1
7648,6,Same City,Mobile,Night,23,0
39852,3,Same City,POS,Afternoon,62,0
138495,4,International,ATM,Evening,63,0
130339,6,International,Mobile,Evening,59,1
104049,10,International,Mobile,Evening,77,1
105061,10,Different City,Mobile,Afternoon,33,0
35983,9,International,Web,Night,53,0
87044,4,Different City,Mobile,Night,62,0
131939,10,International,Web,Morning,65,1
51418,8,International,ATM,Night,106,0
15930,7,Same City,Web,Night,57,0
95282,5,Same City,POS,Afternoon,8,0
22962,8,Same City,Web,Night,55,0
126790,1,International,Web,Evening,84,0
121949,1,Different City,Mobile,Night,77,0
12866,6,International,POS,Night,97,0
95065,8,International,Mobile,Night,114,1
153323,10,Different City,Web,Night,91,0
16745,4,Same City,POS,Afternoon,2,0
63330,2,Same City,POS,Morning,112,0
171121,7,Same City,Mobile,Morning,80,0
61444,9,Different City,Web,Evening,84,0
119607,5,Different City,ATM,Afternoon,9,0
92254,4,Same City,Mobile,Evening,4,0
75166,10,Different City,Mobile,Evening,42,0
182648,7,Same City,ATM,Morning,112,0
45785,4,Different City,ATM,Night,20,0
69674,10,Different City,POS,Night,91,0
43519,5,Same City,ATM,Afternoon,42,0
171614,6,Different City,Web,Afternoon,50,0
102369,8,Different City,Web,Night,17,0
5188,8,International,Mobile,Night,53,0
187066,6,Same City,ATM,Morning,47,0
30477,3,Same City,Web,Morning,46,0
34394,5,Same City,POS,Evening,112,0
139404,5,Same City,Web,Night,34,0
180808,8,International,ATM,Evening,77,1
136244,4,Different City,ATM,Night,49,0
101148,3,International,POS,Night,98,0
149457,8,Same City,POS,Morning,65,0
29764,1,International,POS,Afternoon,8,0
93662,3,Same City,Web,Night,110,0
146442,8,Different City,POS,Afternoon,79,0
124238,6,International,ATM,Evening,55,1
86297,1,Same City,POS,Morning,34,0
116879,1,International,ATM,Afternoon,6,0
186284,6,International,Web,Afternoon,60,1
85658,2,International,Mobile,Night,61,0
96920,10,Different City,ATM,Night,91,0
139066,1,Same City,ATM,Night,85,0
78772,7,Same City,ATM,Afternoon,1,0
148043,3,International,Web,Evening,64,0
115921,6,Different City,POS,Night,2,0
115619,5,Same City,Web,Morning,22,0
118317,7,International,ATM,Evening,6,1
69204,8,International,Web,Afternoon,87,0
55881,8,International,ATM,Night,102,0
166164,10,Same City,Web,Evening,58,0
118620,8,Different City,ATM,Evening,67,0
76892,2,Same City,POS,Evening,92,0
114334,7,Different City,Mobile,Afternoon,84,0
84862,2,Different City,Mobile,Evening,99,0
108384,7,International,POS,Afternoon,44,1
7692,2,Same City,POS,Night,24,0
180298,2,Different City,Web,Morning,74,0
86339,4,Same City,POS,Morning,68,0
53367,3,Different City,POS,Afternoon,74,0
111826,9,International,POS,Afternoon,48,1
105566,9,Same City,POS,Morning,104,0
141714,2,Different City,POS,Afternoon,52,0
66412,7,Different City,ATM,Evening,1,0
152750,8,Different City,Web,Morning,99,0
164042,4,Different City,Web,Afternoon,116,0
100008,2,Different City,ATM,Afternoon,91,0
198946,2,Same City,Web,Evening,105,0
144923,10,International,ATM,Night,57,1
11697,3,Same City,ATM,Night,18,0
127926,5,Different City,Web,Evening,33,0
13343,8,Same City,Web,Morning,95,0
7761,10,Different City,Web,Night,114,0
77787,2,Same City,Mobile,Evening,36,0
147801,5,International,ATM,Evening,5,0
189657,5,Same City,Mobile,Night,69,0
83665,2,Same City,Mobile,Evening,15,0
62629,6,Different City,ATM,Night,74,0
88595,1,Different City,Mobile,Afternoon,18,0
117255,9,International,ATM,Night,24,1
51748,9,Same City,POS,Morning,50,0
14462,4,Different City,Mobile,Morning,7,0
173018,6,Same City,POS,Evening,28,0
190956,9,Same City,Web,Morning,55,0
52365,4,Different City,Mobile,Evening,29,0
186194,9,Same City,ATM,Evening,35,0
2620,8,Different City,ATM,Morning,9,0
126500,3,Same City,POS,Morning,21,0
3443,4,Different City,ATM,Morning,15,0
77136,4,International,Mobile,Night,86,0
84972,8,International,ATM,Afternoon,57,1
71226,8,International,POS,Night,108,0
100517,1,Same City,ATM,Evening,107,0
125969,10,International,Web,Afternoon,26,1
132370,4,Same City,ATM,Evening,36,0
34050,10,Different City,Mobile,Afternoon,20,0
95144,6,Same City,Web,Morning,73,0
154963,7,Same City,Mobile,Evening,96,0
63263,4,International,POS,Afternoon,50,0
178189,3,Same City,Web,Evening,35,0
90806,6,Different City,POS,Night,65,0
96321,5,International,ATM,Evening,41,0
160054,2,International,Mobile,Night,57,0
175172,2,International,Web,Night,7,0
45774,2,Same City,POS,Evening,7,0
82060,1,Same City,Web,Evening,13,0
38172,5,International,Web,Night,1,0
185960,10,Same City,Web,Evening,93,0
82655,4,Different City,Mobile,Night,64,0
1473,9,International,POS,Night,116,0
84245,4,International,POS,Afternoon,4,0
183418,8,Different City,Web,Evening,23,0
64031,7,Different City,Mobile,Night,27,0
127075,8,Same City,POS,Evening,54,0
119780,9,Different City,ATM,Afternoon,71,0
131903,5,Same City,Web,Morning,64,0
141342,7,Same City,Web,Morning,71,0
96359,1,Same City,ATM,Evening,90,0
50999,1,Different City,Web,Evening,61,0
142201,3,Same City,ATM,Morning,43,0
72250,4,Different City,ATM,Evening,28,0
196983,5,Different City,Web,Morning,91,0
190124,7,Different City,Mobile,Morning,2,0
123784,7,Different City,POS,Evening,67,0
137697,8,International,ATM,Night,116,1
96939,9,Different City,POS,Morning,57,0
141946,3,Different City,Mobile,Night,78,0
55504,5,Different City,ATM,Morning,52,0
28329,10,Different City,POS,Night,43,0
101608,4,Different City,Web,Evening,51,0
8970,1,International,Mobile,Afternoon,98,0
30171,9,Different City,Web,Afternoon,86,0
46010,4,Different City,ATM,Evening,84,0
192045,3,Same City,Web,Night,104,0
68971,4,Different City,Web,Morning,30,0
191714,9,International,POS,Night,42,1
2575,8,Same City,Mobile,Evening,79,0
63170,7,International,ATM,Morning,1,0
91374,10,International,Web,Evening,120,1
176113,5,Different City,Mobile,Morning,32,0
104226,10,International,ATM,Afternoon,113,1
46989,2,Same City,Web,Night,107,0
117725,8,Same City,Mobile,Night,8,0
63310,10,International,Mobile,Evening,89,0
97842,7,Different City,POS,Afternoon,34,0
176841,1,Different City,Mobile,Evening,19,0
39910,10,Different City,Mobile,Morning,81,0
140892,9,Same City,Mobile,Night,66,0
44089,5,Same City,POS,Afternoon,95,0
149306,3,Same City,ATM,Afternoon,16,0
134823,1,International,ATM,Night,28,0
168663,2,Different City,Web,Morning,82,0
31981,3,International,ATM,Night,46,0
188786,1,International,Mobile,Afternoon,111,0
79469,1,International,Mobile,Night,47,0
91649,3,International,Web,Night,75,0
40477,6,Same City,Mobile,Afternoon,5,0
187587,7,International,Mobile,Morning,116,1
44163,8,Different City,ATM,Morning,103,0
181203,3,International,Web,Afternoon,72,0
161332,8,Different City,Mobile,Afternoon,80,0
76688,10,Same City,POS,Afternoon,13,0
119554,2,Different City,Web,Afternoon,115,0
145073,9,Different City,ATM,Evening,16,0
104037,7,Different City,Web,Evening,62,0
113246,9,Same City,ATM,Morning,89,0
88436,4,Same City,POS,Morning,119,0
22687,1,Same City,POS,Night,38,0
190460,3,Same City,ATM,Morning,85,0
157399,8,Different City,Mobile,Afternoon,111,0
161692,8,Same City,Mobile,Night,54,0
76832,1,Same City,ATM,Afternoon,95,0
167206,2,International,POS,Night,92,0
95953,5,Same City,POS,Evening,82,0
2784,4,Same City,POS,Afternoon,103,0
40447,8,Same City,POS,Morning,33,0
147045,1,Same City,ATM,Night,27,0
126001,10,Different City,Mobile,Evening,64,0
139979,10,International,Mobile,Night,57,1
128950,5,International,Web,Evening,39,0
181675,2,International,ATM,Afternoon,24,0
78532,1,Different City,ATM,Morning,113,0
140830,7,Different City,Web,Morning,12,0
197914,8,Different City,Mobile,Night,26,0
174461,9,Same City,ATM,Night,47,0
93851,8,International,POS,Evening,82,1
69033,3,Same City,ATM,Evening,13,0
129444,7,Different City,POS,Evening,104,0
7431,7,Same City,Mobile,Night,30,0
159268,9,International,ATM,Evening,51,1
74449,1,International,Mobile,Morning,67,0
111419,9,Same City,POS,Afternoon,11,0
38537,9,Same City,Web,Evening,94,0
175701,4,International,Web,Morning,7,0
167337,8,International,Mobile,Afternoon,64,1
60040,8,Same City,ATM,Afternoon,100,0
5517,8,Same City,ATM,Afternoon,13,0
150417,4,International,Mobile,Morning,19,0
79590,10,Same City,ATM,Night,74,0
179748,1,International,ATM,Evening,96,0
47152,1,International,ATM,Evening,76,0
10779,1,International,POS,Evening,61,0
6880,4,Same City,ATM,Afternoon,1,0
15159,7,Different City,ATM,Evening,35,0
131272,3,Different City,ATM,Evening,111,0
21706,7,International,Web,Afternoon,18,0
14945,4,International,Web,Night,27,0
198342,1,International,ATM,Night,47,0
127091,7,International,Mobile,Evening,40,1
41045,5,Same City,ATM,Evening,68,0
71223,8,Different City,Web,Evening,51,0
119880,3,International,Mobile,Morning,24,0
146569,6,Same City,Web,Night,113,0
113835,3,Different City,POS,Afternoon,92,0
63422,1,Same City,ATM,Night,18,0
114724,7,Same City,ATM,Night,106,0
146349,8,International,ATM,Evening,52,1
108498,4,International,Web,Evening,120,0
43248,10,Different City,Mobile,Afternoon,113,0
125270,9,Different City,POS,Morning,36,0
104568,6,Same City,Web,Evening,63,0
13088,5,Same City,Web,Morning,96,0
109379,6,Different City,Web,Night,103,0
64279,6,Same City,Web,Night,67,0
105445,9,Different City,ATM,Evening,104,0
40406,4,Different City,ATM,Morning,117,0
102979,2,International,ATM,Evening,95,0
43846,2,Same City,ATM,Night,6,0
146580,10,Different City,POS,Night,72,0
110098,3,Different City,Web,Evening,26,0
65253,4,Same City,ATM,Night,102,0
133084,5,Same City,POS,Night,49,0
73281,8,Different City,ATM,Evening,67,0
187535,5,Different City,Web,Night,11,0
182469,8,Same City,Mobile,Evening,47,0
79210,6,Same City,Web,Morning,5,0
70835,10,Same City,Mobile,Night,110,0
106428,1,International,Mobile,Evening,12,0
52493,2,Same City,POS,Afternoon,62,0
173735,10,Different City,POS,Night,1,0
7234,7,Different City,Web,Evening,55,0
65251,1,Same City,POS,Evening,67,0
10240,9,Same City,POS,Afternoon,51,0
92723,7,International,Web,Morning,8,1
108263,5,Same City,POS,Afternoon,46,0
57351,3,Same City,Mobile,Morning,65,0
178997,4,Same City,Mobile,Night,100,0
118283,9,Different City,Web,Morning,5,0
162556,3,International,ATM,Afternoon,13,0
64349,7,Same City,POS,Afternoon,84,0
142396,8,International,Mobile,Afternoon,36,1
152093,1,Different City,Web,Evening,36,0
77154,1,Same City,ATM,Morning,96,0
85976,6,Same City,Mobile,Morning,114,0
9506,3,Different City,POS,Evening,73,0
146441,1,International,POS,Afternoon,47,0
113359,8,International,ATM,Evening,69,1
102469,2,Same City,POS,Evening,103,0
143981,6,Different City,ATM,Afternoon,5,0
29906,9,International,Web,Night,62,0
89795,9,Different City,ATM,Afternoon,82,0
166990,6,International,Mobile,Evening,85,1
119442,7,Same City,POS,Afternoon,116,0
120897,1,Same City,POS,Evening,79,0
75917,8,Different City,Mobile,Evening,107,0
194342,2,Different City,POS,Night,89,0
101602,10,Different City,Web,Afternoon,103,0
156790,10,International,Mobile,Night,34,1
27941,8,Same City,Web,Evening,112,0
137198,7,Different City,POS,Afternoon,14,0
199252,8,Same City,Web,Evening,60,0
158864,8,International,Mobile,Afternoon,110,1
66804,9,Different City,POS,Morning,37,0
62955,6,International,Web,Morning,48,0
196605,2,Same City,Web,Evening,91,0
198103,9,Different City,Mobile,Evening,47,0
142718,6,Different City,ATM,Night,76,0
149862,4,Same City,ATM,Morning,3,0
68942,1,Same City,POS,Night,41,0
24814,10,Same City,ATM,Afternoon,36,0
162579,2,Same City,Mobile,Morning,16,0
39480,8,Same City,Web,Night,103,0
62877,4,Same City,Mobile,Morning,17,0
174059,3,International,ATM,Evening,93,0
104540,2,Different City,Mobile,Morning,22,0
105701,4,International,Web,Morning,67,0
56514,9,International,ATM,Morning,37,0
112572,8,Same City,POS,Morning,67,0
87326,10,Different City,POS,Afternoon,36,0
21640,4,International,POS,Morning,68,0
97314,4,Different City,ATM,Night,78,0
155230,3,International,Mobile,Night,113,0
193412,7,Different City,ATM,Evening,11,0
107779,8,Same City,Mobile,Night,71,0
93697,2,Different City,POS,Night,117,0
68142,8,Different City,Web,Morning,5,0
159516,9,Same City,POS,Night,64,0
29861,8,Same City,Web,Night,94,0
76757,9,International,POS,Evening,17,0
80727,2,International,Mobile,Evening,78,0
161606,8,International,Mobile,Evening,102,1
133331,10,International,ATM,Afternoon,102,1
187142,9,Different City,ATM,Evening,47,0
174552,2,Same City,POS,Night,83,0
31404,10,Different City,Mobile,Evening,18,0
131833,4,International,Mobile,Morning,7,0
157760,1,Same City,POS,Evening,11,0
73715,5,International,Web,Evening,113,0
162803,3,International,POS,Night,90,0
9449,2,Different City,POS,Night,95,0
58026,10,Same City,Mobile,Afternoon,65,0
198685,1,Different City,ATM,Morning,33,0
14534,5,Same City,Mobile,Night,7,0
170957,7,Different City,Web,Night,75,0
146197,9,Different City,Mobile,Night,107,0
184121,9,International,Web,Afternoon,115,1
26826,1,International,Mobile,Night,27,0
35770,8,Same City,Mobile,Morning,67,0
154193,10,Same City,POS,Afternoon,55,0
140375,3,Different City,Mobile,Evening,39,0
196694,7,International,Web,Afternoon,37,1
86938,1,Different City,ATM,Morning,38,0
122655,1,International,POS,Morning,69,0
36358,6,Different City,Web,Morning,98,0
192452,7,Same City,ATM,Morning,93,0
4276,4,Different City,POS,Night,31,0
19458,1,International,Web,Morning,120,0
5814,9,Same City,POS,Night,15,0
5434,10,International,POS,Morning,42,0
25598,9,Different City,Mobile,Night,73,0
42531,8,Different City,POS,Night,71,0
161169,3,Same City,Web,Afternoon,18,0
21179,8,Same City,POS,Afternoon,22,0
133170,8,Different City,ATM,Afternoon,50,0
1312,2,International,POS,Afternoon,97,0
130373,2,Same City,Web,Evening,15,0
183214,4,Different City,POS,Night,88,0
6353,2,International,POS,Morning,81,0
108835,1,International,Mobile,Night,84,0
1923,3,Different City,Mobile,Night,83,0
127310,10,International,Mobile,Morning,45,1
111993,5,Different City,POS,Morning,50,0
134123,8,International,POS,Evening,76,1
46395,4,Same City,POS,Night,106,0
182619,6,Same City,Web,Evening,22,0
119626,9,International,POS,Night,2,1
19110,7,Different City,Mobile,Night,65,0
136500,7,International,Mobile,Afternoon,118,1
161854,7,International,ATM,Night,62,1
12437,5,Same City,ATM,Evening,35,0
23595,6,Same City,Mobile,Morning,82,0
22005,10,International,ATM,Morning,107,0
141513,8,International,Web,Morning,20,1
131185,9,International,ATM,Evening,61,1
89765,4,International,ATM,Evening,86,0
93606,4,Different City,Mobile,Evening,64,0
106630,4,Same City,POS,Afternoon,9,0
67646,7,Different City,ATM,Morning,33,0
173528,8,Different City,ATM,Afternoon,4,0
174215,8,International,Mobile,Morning,49,1
167316,6,Same City,POS,Evening,52,0
53803,9,Same City,ATM,Morning,67,0
7591,2,Different City,POS,Afternoon,4,0
85536,6,International,ATM,Afternoon,118,1
74776,4,International,Mobile,Morning,63,0
94855,3,Different City,POS,Evening,43,0
197379,3,International,POS,Afternoon,2,0
111734,7,International,POS,Afternoon,18,1
141644,7,Same City,ATM,Afternoon,17,0
120062,2,International,POS,Morning,7,0
8994,8,Same City,POS,Evening,115,0
135890,6,Same City,ATM,Morning,19,0
21191,1,Same City,ATM,Afternoon,74,0
6235,4,Different City,ATM,Afternoon,56,0
149634,1,International,Web,Night,17,0
34165,10,Same City,ATM,Afternoon,13,0
60892,1,Different City,Mobile,Afternoon,24,0
11598,9,International,POS,Night,62,0
183544,4,Different City,POS,Afternoon,1,0
81421,4,Same City,POS,Night,117,0
145553,2,Same City,Mobile,Afternoon,85,0
113648,9,Different City,Mobile,Night,98,0
71274,10,International,ATM,Afternoon,57,0
58222,4,Different City,POS,Night,11,0
20365,4,Different City,POS,Night,72,0
71863,5,Same City,Mobile,Afternoon,80,0
94660,3,Same City,ATM,Morning,6,0
69793,5,Different City,ATM,Afternoon,62,0
115237,9,Same City,Web,Morning,84,0
4288,10,Different City,Mobile,Evening,12,0
3704,4,International,ATM,Morning,116,0
125138,9,Different City,Mobile,Afternoon,14,0
50368,6,International,ATM,Night,2,0
26204,8,Different City,Web,Afternoon,9,0
151347,7,International,ATM,Afternoon,92,1
100974,7,Different City,POS,Afternoon,81,0
18672,6,Different City,Web,Morning,7,0
101254,3,Same City,POS,Afternoon,96,0
119701,8,Same City,Web,Night,85,0
11395,10,Same City,Mobile,Afternoon,47,0
6970,5,Different City,POS,Morning,92,0
53790,9,Same City,Web,Evening,46,0
815,6,Same City,Web,Evening,67,0
173694,7,International,ATM,Morning,72,1
14973,3,Same City,ATM,Evening,110,0
178580,6,Same City,ATM,Morning,92,0
154561,1,Different City,POS,Evening,10,0
80626,7,International,POS,Morning,58,1
133533,5,International,Mobile,Evening,74,0
197261,6,International,POS,Afternoon,27,1
55048,3,Same City,Web,Morning,18,0
10791,3,International,Mobile,Afternoon,99,0
88295,9,International,ATM,Morning,10,1
33745,4,Different City,ATM,Afternoon,51,0
84094,10,Same City,ATM,Night,119,0
174099,10,International,POS,Night,53,1
75626,6,International,Mobile,Afternoon,42,0
37428,3,Different City,Mobile,Night,38,0
73145,2,Different City,Mobile,Night,116,0
65279,6,Different City,Web,Evening,30,0
78480,4,International,POS,Afternoon,40,0
197068,3,International,Mobile,Night,16,0
163480,5,Same City,POS,Evening,100,0
36108,5,Same City,Web,Afternoon,120,0
100574,7,Different City,Mobile,Evening,14,0
188851,4,International,Web,Night,90,0
118988,10,Different City,POS,Evening,5,0
168522,5,Different City,Mobile,Morning,19,0
125380,3,Same City,POS,Evening,17,0
60239,10,Same City,Web,Afternoon,64,0
187912,4,Different City,POS,Night,102,0
3920,8,Same City,ATM,Morning,75,0
17754,5,Same City,Mobile,Night,45,0
27120,8,International,Mobile,Afternoon,44,0
92620,9,Different City,ATM,Afternoon,33,0
65663,9,International,POS,Night,111,0
186290,7,Same City,ATM,Afternoon,33,0
147509,9,Same City,POS,Morning,20,0
54966,2,Different City,Mobile,Afternoon,51,0
8395,4,International,ATM,Night,91,0
162734,9,Same City,Web,Evening,114,0
147284,6,Different City,POS,Afternoon,80,0
168157,1,Different City,ATM,Night,100,0
40408,10,International,POS,Night,71,0
136058,2,International,Web,Afternoon,39,0
71062,1,Same City,POS,Morning,91,0
93302,10,Same City,Web,Morning,10,0
141783,9,International,POS,Night,32,1
116745,5,Same City,Web,Afternoon,59,0
85669,6,Same City,POS,Afternoon,39,0
35812,5,Different City,Web,Night,112,0
176998,1,Different City,Web,Afternoon,7,0
170791,2,Same City,ATM,Night,63,0
2856,1,International,Mobile,Morning,90,0
79411,4,Same City,Mobile,Morning,107,0
51675,8,Different City,ATM,Night,8,0
147258,9,Same City,Mobile,Afternoon,13,0
177933,1,Different City,Web,Evening,74,0
84180,7,Different City,ATM,Evening,34,0
113234,8,Same City,Web,Afternoon,34,0
118573,4,Same City,POS,Night,4,0
19510,4,Same City,POS,Evening,13,0
171591,2,Different City,Web,Night,73,0
198222,5,International,Web,Night,3,0
193697,7,International,ATM,Evening,119,1
4356,8,Same City,ATM,Evening,75,0
109890,2,Different City,ATM,Evening,99,0
24448,8,Same City,ATM,Morning,54,0
97368,3,International,ATM,Night,15,0
105160,10,International,POS,Afternoon,84,1
181286,7,International,Web,Night,17,1
106696,2,Same City,Web,Evening,20,0
73128,6,Different City,Mobile,Night,104,0
97879,9,Same City,ATM,Night,77,0
173497,10,International,Web,Morning,67,1
48769,7,International,Web,Night,16,0
20353,1,Different City,POS,Afternoon,8,0
158759,6,Different City,Web,Night,46,0
62059,5,Same City,ATM,Evening,7,0
64678,6,International,Mobile,Morning,39,0
24568,5,Different City,ATM,Night,53,0
66132,3,International,Mobile,Morning,50,0
187313,4,Same City,Mobile,Night,118,0
177587,10,International,Web,Morning,12,1
167102,2,Different City,POS,Afternoon,111,0
88710,4,Different City,Web,Evening,78,0
2151,2,Different City,Web,Evening,85,0
115504,2,Different City,Web,Morning,110,0
49010,8,International,Web,Evening,118,0
93384,9,Different City,Web,Afternoon,107,0
40282,3,International,ATM,Afternoon,33,0
75556,2,Same City,POS,Night,49,0
158660,10,Different City,ATM,Morning,64,0
154917,2,Different City,ATM,Afternoon,90,0
189495,5,International,ATM,Evening,44,0
68404,5,International,Mobile,Evening,65,0
31128,1,Same City,POS,Evening,102,0
115862,10,International,Web,Afternoon,88,1
199477,5,Different City,ATM,Evening,73,0
98709,1,Different City,POS,Evening,86,0
93994,10,Same City,ATM,Evening,120,0
59533,3,Same City,Mobile,Afternoon,69,0
142296,4,Different City,Web,Morning,33,0
106056,10,Different City,Mobile,Afternoon,51,0
127406,1,International,Mobile,Night,111,0
66967,2,Different City,Mobile,Afternoon,40,0
41149,7,International,Mobile,Evening,69,0
167551,4,Same City,Mobile,Afternoon,31,0
107363,4,Same City,POS,Afternoon,54,0
82061,9,Different City,POS,Evening,66,0
89678,9,Same City,ATM,Morning,33,0
54717,8,Different City,Web,Afternoon,97,0
193615,10,Different City,Web,Evening,78,0
39479,2,Different City,ATM,Night,58,0
98161,8,Different City,POS,Afternoon,118,0
135903,9,International,ATM,Afternoon,115,1
19267,5,Same City,ATM,Evening,100,0
2417,10,Same City,ATM,Evening,103,0
168545,2,Different City,POS,Evening,27,0
79485,4,Same City,Web,Afternoon,82,0
85955,7,Different City,ATM,Afternoon,93,0
111272,4,Same City,Web,Evening,1,0
157219,2,International,POS,Night,19,0
77875,6,International,Mobile,Night,95,0
19318,7,International,Web,Afternoon,107,0
155772,7,International,ATM,Afternoon,32,1
187361,1,International,Mobile,Afternoon,21,0
184610,3,Same City,Mobile,Night,95,0
103221,8,International,POS,Night,112,1
124919,9,Different City,POS,Night,88,0
104632,2,Different City,Mobile,Evening,46,0
119125,9,Different City,Mobile,Afternoon,17,0
92072,8,International,POS,Evening,68,1
69362,2,International,Web,Night,117,0
102106,6,Different City,Mobile,Evening,107,0
162881,4,International,Mobile,Morning,117,0
35897,3,Same City,ATM,Evening,118,0
172522,10,Same City,Mobile,Afternoon,13,0
168834,8,International,Web,Morning,74,1
30128,7,International,Web,Night,101,0
199341,5,Different City,ATM,Night,68,0
135072,6,International,POS,Afternoon,54,1
46119,8,International,ATM,Afternoon,44,0
74297,2,International,ATM,Morning,87,0
33421,9,Same City,ATM,Morning,97,0
119475,9,International,ATM,Evening,12,1
123619,7,Same City,Mobile,Afternoon,75,0
79230,2,International,POS,Afternoon,53,0
172484,10,International,Web,Evening,93,1
68483,2,Different City,Mobile,Night,63,0
731,5,Different City,Web,Evening,74,0
168880,10,Different City,POS,Morning,18,0
138745,8,Different City,Web,Morning,36,0
58208,2,International,Mobile,Evening,15,0
31523,3,Same City,Web,Evening,111,0
96162,10,Same City,Mobile,Morning,29,0
122585,9,International,POS,Evening,72,1
68861,1,International,POS,Night,101,0
56226,4,International,POS,Morning,103,0
159766,8,International,ATM,Evening,52,1
194333,1,Same City,Mobile,Morning,9,0
5874,8,International,ATM,Night,38,0
124605,10,International,Mobile,Afternoon,70,1
82584,10,Different City,POS,Night,93,0
68556,7,Same City,POS,Morning,15,0
199076,3,International,ATM,Night,89,0
48361,2,Same City,Mobile,Night,117,0
128707,7,Different City,POS,Evening,79,0
124590,10,Same City,ATM,Night,98,0
46914,3,International,Mobile,Evening,116,0
87766,9,Different City,POS,Evening,91,0
166216,2,Same City,ATM,Afternoon,85,0
119808,2,Different City,ATM,Evening,31,0
185114,1,International,ATM,Morning,24,0
190296,2,International,Mobile,Afternoon,106,0
187229,9,Different City,POS,Morning,47,0
86960,6,International,Web,Afternoon,118,1
119696,7,Same City,ATM,Evening,9,0
161038,8,Same City,POS,Evening,4,0
37433,4,International,Mobile,Afternoon,102,0
177000,4,International,Web,Evening,84,0
58578,9,Same City,Mobile,Morning,65,0
12310,9,International,Web,Night,46,0
39680,2,Same City,Mobile,Morning,77,0
114794,6,Same City,Mobile,Afternoon,93,0
89211,7,Same City,POS,Night,27,0
132598,9,Different City,ATM,Night,32,0
181134,6,Different City,Mobile,Evening,62,0
43907,8,Same City,Mobile,Afternoon,93,0
100421,1,International,Mobile,Afternoon,97,0
168923,2,Same City,ATM,Afternoon,29,0
118557,8,Different City,POS,Night,107,0
137192,5,International,Web,Evening,55,0
24748,8,International,ATM,Night,94,0
138594,3,Different City,POS,Night,43,0
145570,7,Different City,POS,Evening,76,0
194272,8,International,Mobile,Afternoon,110,1
147273,1,Different City,POS,Afternoon,82,0
74815,7,Same City,ATM,Evening,83,0
9637,1,Different City,Mobile,Morning,37,0
178201,8,Different City,Mobile,Night,33,0
94360,8,Same City,Web,Morning,76,0
75934,5,Same City,POS,Evening,6,0
83890,1,Different City,Mobile,Night,46,0
135568,7,Same City,Web,Evening,119,0
28218,9,Same City,ATM,Afternoon,74,0
159792,7,Same City,Mobile,Evening,10,0
38638,1,Same City,Web,Evening,40,0
154895,3,International,Web,Night,63,0
91251,5,International,Web,Evening,5,0
161862,1,International,ATM,Night,39,0
159098,3,Different City,POS,Morning,45,0
44687,4,International,Mobile,Morning,120,0
67476,2,International,Mobile,Morning,8,0
28331,7,International,Web,Afternoon,108,0
119860,8,International,Mobile,Evening,47,1
34349,7,Different City,ATM,Afternoon,32,0
197236,5,Same City,ATM,Night,61,0
34062,2,International,POS,Morning,66,0
854,3,Same City,POS,Evening,4,0
54659,2,International,Web,Afternoon,15,0
45862,4,Different City,POS,Morning,87,0
30682,5,Same City,Web,Morning,22,0
9584,9,International,Mobile,Evening,59,0
85331,10,International,Mobile,Morning,64,1
89162,3,Same City,POS,Evening,83,0
150453,3,International,POS,Morning,67,0
6101,9,Different City,ATM,Evening,50,0
64951,1,Different City,Web,Afternoon,75,0
162536,7,Different City,Mobile,Afternoon,100,0
36583,4,Different City,ATM,Evening,113,0
44254,4,Same City,POS,Evening,63,0
84214,6,Same City,POS,Morning,48,0
26658,5,Different City,ATM,Evening,28,0
137376,6,Different City,Web,Afternoon,94,0
78681,2,Same City,ATM,Afternoon,70,0
90692,7,International,ATM,Morning,3,1
185124,4,Same City,ATM,Afternoon,4,0
11251,6,International,POS,Evening,37,0
129887,3,Different City,POS,Afternoon,97,0
79506,3,Different City,POS,Evening,109,0
134500,6,Same City,Mobile,Morning,56,0
99233,7,Same City,Mobile,Morning,50,0
49291,7,International,Mobile,Afternoon,24,0
51365,5,Same City,Mobile,Night,36,0
145171,3,Same City,Web,Afternoon,70,0
23072,6,Same City,POS,Night,10,0
128516,1,Same City,Mobile,Night,6,0
28388,3,Same City,ATM,Afternoon,83,0
124190,1,International,Web,Night,67,0
21916,10,Same City,Mobile,Morning,119,0
103756,1,Different City,Mobile,Evening,47,0
111757,7,International,Mobile,Morning,47,1
14742,8,International,ATM,Morning,82,0
19278,3,Different City,Mobile,Night,22,0
43559,6,Same City,POS,Afternoon,11,0
108171,10,International,Web,Morning,95,1
72137,8,Different City,Mobile,Night,54,0
130116,5,International,POS,Morning,87,0
39674,10,International,ATM,Afternoon,57,0
44230,6,International,ATM,Afternoon,11,0
46086,4,Same City,POS,Night,118,0
195701,3,International,POS,Evening,76,0
124267,1,International,Web,Night,49,0
126994,9,Same City,ATM,Night,94,0
81438,10,International,ATM,Afternoon,112,1
10913,4,International,POS,Afternoon,100,0
186950,5,Same City,ATM,Evening,64,0
79952,3,Different City,ATM,Morning,63,0
52300,6,Same City,POS,Morning,111,0
131826,7,Same City,Web,Morning,112,0
18007,8,International,POS,Evening,96,0
176717,7,Same City,Web,Morning,92,0
80758,9,International,ATM,Afternoon,19,1
98357,10,Different City,POS,Night,47,0
148899,6,Same City,ATM,Afternoon,33,0
83042,7,Different City,POS,Afternoon,113,0
76958,6,International,Web,Evening,88,0
110884,4,International,ATM,Evening,11,0
64172,7,International,Mobile,Morning,105,0
32157,5,Same City,POS,Evening,113,0
6680,3,Same City,Mobile,Morning,72,0
121870,6,International,Web,Night,6,1
23178,8,Different City,ATM,Afternoon,118,0
177568,7,International,Mobile,Night,16,1
87068,7,Different City,ATM,Morning,9,0
170146,1,International,POS,Morning,66,0
136054,10,Same City,ATM,Afternoon,64,0
41441,10,Different City,Mobile,Afternoon,100,0
182845,5,Different City,POS,Evening,74,0
149303,4,Different City,Mobile,Night,74,0
90810,3,Same City,Mobile,Night,57,0
53241,5,Different City,ATM,Evening,29,0
51777,10,International,POS,Afternoon,52,0
91906,6,International,ATM,Morning,68,1
11722,1,International,POS,Afternoon,32,0
123512,10,Same City,Mobile,Evening,115,0
86712,10,Same City,ATM,Morning,115,0
43598,3,Different City,ATM,Night,117,0
118396,9,International,Mobile,Evening,101,1
26741,5,International,Mobile,Night,50,0
103175,6,Same City,Mobile,Afternoon,14,0
45873,1,Different City,ATM,Afternoon,59,0
192421,10,Same City,Web,Morning,99,0
196364,6,International,Mobile,Evening,10,1
94632,6,Different City,ATM,Evening,70,0
165350,2,Same City,POS,Morning,85,0
124308,1,International,Mobile,Night,110,0
116019,4,Same City,Web,Morning,63,0
24417,4,Different City,POS,Afternoon,34,0
4077,5,Same City,POS,Night,11,0
195476,7,International,POS,Evening,105,1
78662,3,Different City,Web,Morning,33,0
151516,1,International,ATM,Evening,118,0
111286,3,International,Web,Morning,95,0
171345,4,Different City,Mobile,Morning,102,0
65713,7,Different City,Mobile,Evening,113,0
136920,7,Same City,Mobile,Night,26,0
173002,7,International,Mobile,Morning,60,1
85890,6,Same City,Mobile,Night,115,0
75930,8,Different City,Web,Evening,12,0
29354,4,Different City,Web,Night,56,0
20626,3,Different City,POS,Afternoon,69,0
131952,4,Same City,Mobile,Morning,40,0
51079,10,Same City,Mobile,Evening,92,0
67698,6,Different City,ATM,Morning,42,0
170305,9,International,POS,Afternoon,103,1
174969,4,International,Mobile,Afternoon,21,0
37685,9,Different City,ATM,Morning,79,0
99615,6,Different City,ATM,Night,33,0
118043,6,International,Mobile,Night,76,1
128619,10,International,Mobile,Afternoon,14,1
147825,3,International,POS,Afternoon,62,0
127988,9,Different City,Mobile,Afternoon,113,0
131295,9,Same City,Mobile,Afternoon,91,0
22895,4,Same City,ATM,Evening,69,0
94445,5,Different City,ATM,Night,9,0
168648,10,Different City,Mobile,Evening,25,0
70706,9,International,ATM,Morning,94,0
136433,1,Different City,Mobile,Morning,35,0
73180,5,Different City,POS,Afternoon,107,0
148852,7,International,Web,Morning,16,1
122462,8,Same City,ATM,Afternoon,81,0
122969,2,International,Mobile,Night,98,0
19055,10,Different City,ATM,Morning,45,0
124423,6,International,ATM,Afternoon,58,1
88659,7,Different City,POS,Night,5,0
123926,3,International,POS,Evening,50,0
43958,5,Same City,ATM,Night,68,0
198914,9,Same City,Mobile,Afternoon,61,0
140078,8,Different City,Mobile,Evening,65,0
176311,2,International,Mobile,Afternoon,2,0
141346,7,Same City,Mobile,Night,118,0
67586,3,Different City,Mobile,Evening,95,0
71054,3,Different City,ATM,Night,67,0
142260,2,Different City,Mobile,Night,114,0
178157,1,Same City,ATM,Evening,36,0
31669,5,International,Web,Evening,36,0
176323,3,Same City,POS,Afternoon,32,0
35387,8,Different City,Mobile,Afternoon,107,0
189197,5,International,ATM,Night,97,0
51233,3,Same City,Mobile,Night,17,0
104320,7,International,ATM,Evening,65,1
186621,7,Different City,POS,Morning,36,0
171791,1,Different City,ATM,Afternoon,116,0
69368,9,Different City,Web,Evening,55,0
96553,6,International,ATM,Evening,80,1
71034,3,Same City,POS,Evening,85,0
109094,4,International,Mobile,Evening,42,0
27935,3,International,Mobile,Night,15,0
167216,6,Different City,Web,Evening,84,0
131086,2,Same City,ATM,Afternoon,46,0
163828,1,Same City,Web,Afternoon,17,0
187522,5,Same City,Mobile,Evening,81,0
157384,7,Same City,Web,Evening,99,0
194570,6,Different City,Web,Afternoon,53,0
151352,9,International,Mobile,Evening,34,1
172674,1,Different City,ATM,Morning,48,0
56287,4,International,Mobile,Night,75,0
115625,3,Different City,Web,Night,61,0
82546,3,International,POS,Night,83,0
182976,7,International,ATM,Afternoon,38,1
174036,10,International,Mobile,Morning,78,1
21293,3,Different City,POS,Night,93,0
164630,1,International,Mobile,Night,45,0
169931,4,International,POS,Evening,64,0
179518,9,Different City,ATM,Evening,18,0
84075,8,Same City,POS,Morning,107,0
16402,5,Different City,Mobile,Morning,4,0
42436,5,Different City,Mobile,Morning,106,0
106663,5,International,Web,Night,93,0
190998,5,International,POS,Evening,5,0
173906,2,Different City,Mobile,Afternoon,4,0
88067,6,Same City,ATM,Morning,3,0
38192,2,Different City,Mobile,Evening,103,0
135270,3,Different City,ATM,Morning,6,0
73142,3,International,Web,Evening,64,0
33012,1,Same City,Web,Afternoon,97,0
94449,7,Same City,ATM,Night,83,0
78067,5,Different City,Web,Afternoon,88,0
3068,7,International,Web,Night,83,0
121330,4,International,Web,Afternoon,54,0
189143,2,Different City,Web,Night,31,0
32594,2,International,ATM,Morning,23,0
35526,7,International,POS,Afternoon,66,0
46249,6,Different City,Mobile,Morning,120,0
70844,5,Same City,Mobile,Night,12,0
116867,9,International,Mobile,Morning,112,1
175099,3,Same City,Web,Night,23,0
167440,8,Same City,POS,Afternoon,87,0
149779,7,Different City,POS,Evening,79,0
162550,3,Same City,POS,Morning,40,0
28089,5,International,ATM,Afternoon,25,0
14701,3,Different City,Web,Night,69,0
177068,1,Different City,Mobile,Afternoon,93,0
17377,1,Same City,Web,Morning,53,0
167023,10,International,Web,Afternoon,78,1
72758,10,Same City,ATM,Afternoon,120,0
76828,3,Same City,Web,Afternoon,97,0
48460,5,International,Web,Morning,11,0
116124,7,Different City,Web,Evening,59,0
164640,6,Same City,POS,Afternoon,39,0
103799,9,Different City,ATM,Evening,32,0
101569,3,International,ATM,Morning,44,0
104605,1,International,Mobile,Morning,8,0
138742,7,International,Mobile,Afternoon,77,1
109450,1,International,Web,Afternoon,86,0
134538,1,Different City,POS,Night,39,0
179423,7,Same City,ATM,Morning,100,0
42029,2,International,Mobile,Morning,35,0
91692,6,International,Mobile,Afternoon,50,1
80807,7,Different City,Web,Afternoon,15,0
69730,2,Same City,Web,Evening,119,0
80204,4,International,Mobile,Evening,72,0
92247,9,Different City,Mobile,Morning,41,0
179920,6,Same City,POS,Night,66,0
186514,8,Different City,Web,Evening,21,0
163955,10,Different City,Web,Morning,3,0
20443,8,Same City,Mobile,Morning,75,0
193698,8,International,Mobile,Night,49,1
176798,6,Different City,ATM,Afternoon,86,0
94785,8,Different City,Web,Morning,119,0
131583,10,International,Web,Afternoon,5,1
126064,5,Different City,POS,Night,120,0
89221,6,International,Web,Afternoon,111,1
170502,9,Same City,POS,Morning,75,0
31723,4,International,Mobile,Afternoon,36,0
41520,4,Same City,ATM,Night,18,0
107930,2,Same City,ATM,Morning,5,0
124379,6,International,ATM,Night,55,1
168230,7,Different City,ATM,Evening,40,0
49853,2,International,ATM,Evening,87,0
20684,2,Different City,ATM,Evening,106,0
122685,5,Different City,Mobile,Evening,29,0
90699,4,International,Mobile,Night,13,0
76060,4,Different City,POS,Morning,22,0
53939,2,Different City,POS,Evening,115,0
38690,2,International,POS,Night,49,0
190593,7,International,Web,Evening,58,1
149167,8,Different City,Mobile,Evening,69,0
62477,4,International,Web,Evening,83,0
182780,4,Different City,Mobile,Morning,5,0
154473,7,Different City,ATM,Morning,67,0
58050,3,Different City,ATM,Night,96,0
42390,1,Different City,POS,Morning,79,0
180423,6,Same City,POS,Afternoon,76,0
62535,1,Same City,Web,Morning,25,0
64137,4,International,ATM,Night,75,0
69290,7,Different City,POS,Evening,31,0
79168,1,International,ATM,Morning,31,0
42858,10,International,ATM,Morning,41,0
68071,5,Same City,POS,Afternoon,6,0
194916,2,Same City,Web,Night,107,0
129826,9,Same City,ATM,Morning,86,0
11193,10,Same City,Web,Morning,79,0
178697,3,Different City,ATM,Night,63,0
113824,9,Same City,Mobile,Afternoon,66,0
54546,4,Same City,ATM,Night,58,0
146119,6,Same City,Web,Morning,61,0
139363,6,Same City,Web,Morning,93,0
125749,9,Different City,Mobile,Evening,44,0
175849,10,International,Web,Night,102,1
38003,1,Same City,Mobile,Morning,42,0
8134,7,International,Web,Afternoon,106,0
168838,4,Same City,Mobile,Morning,71,0
50547,10,International,ATM,Afternoon,21,0
68266,3,Different City,POS,Evening,72,0
52178,1,Different City,Mobile,Morning,28,0
171266,2,International,Mobile,Afternoon,20,0
60326,1,Different City,POS,Afternoon,13,0
190760,8,International,ATM,Evening,78,1
186038,9,Different City,Mobile,Evening,27,0
59507,6,International,POS,Morning,73,0
96764,10,International,POS,Morning,50,1
126378,8,Same City,ATM,Evening,82,0
158768,3,International,Mobile,Afternoon,17,0
198666,6,Same City,ATM,Afternoon,59,0
167744,9,International,Mobile,Afternoon,78,1
3872,6,Different City,Mobile,Morning,39,0
110423,2,International,Mobile,Afternoon,98,0
85570,10,Same City,ATM,Morning,56,0
9819,8,Same City,Mobile,Morning,93,0
154884,6,Different City,Mobile,Evening,68,0
113115,9,International,ATM,Morning,13,1
159212,7,Same City,POS,Night,76,0
189144,6,Different City,Web,Evening,8,0
184773,3,International,POS,Morning,6,0
41878,5,Same City,POS,Morning,101,0
188919,3,Different City,Mobile,Afternoon,17,0
95033,9,International,POS,Evening,100,1
125460,2,International,ATM,Afternoon,94,0
193486,5,Same City,ATM,Morning,41,0
19284,10,Different City,Web,Evening,8,0
175736,8,International,ATM,Morning,47,1
93597,5,Different City,ATM,Afternoon,87,0
100522,3,Same City,ATM,Evening,64,0
175875,8,Same City,ATM,Morning,80,0
70940,5,International,ATM,Afternoon,80,0
154203,4,Same City,ATM,Night,18,0
104744,3,Different City,Web,Evening,118,0
132806,6,Different City,Web,Evening,72,0
118828,10,Different City,Web,Night,68,0
59362,5,Different City,POS,Morning,106,0
139155,10,Same City,ATM,Morning,43,0
187437,2,Same City,ATM,Evening,11,0
34130,6,Different City,Mobile,Afternoon,76,0
76508,6,International,Web,Afternoon,34,0
194191,7,Different City,Mobile,Evening,48,0
148351,9,Same City,Mobile,Morning,38,0
107906,3,Different City,Web,Afternoon,115,0
3334,2,International,Mobile,Morning,7,0
179994,8,Different City,Mobile,Morning,39,0
144251,1,Different City,Web,Night,41,0
172548,1,Same City,Web,Afternoon,31,0
152464,4,Different City,Web,Morning,108,0
10382,3,International,Web,Night,22,0
23872,7,Same City,Mobile,Night,93,0
66646,4,Same City,ATM,Night,98,0
73608,8,International,Web,Afternoon,113,0
115911,6,Different City,Web,Morning,43,0
83492,4,International,Mobile,Afternoon,6,0
161603,1,International,Mobile,Morning,78,0
87460,5,Same City,POS,Night,2,0
37493,6,Same City,Mobile,Afternoon,62,0
186939,3,Same City,POS,Afternoon,103,0
138283,4,International,ATM,Afternoon,8,0
155588,7,Different City,Web,Afternoon,48,0
191566,6,International,POS,Afternoon,87,1
79220,5,Different City,POS,Night,21,0
58064,8,International,POS,Morning,9,0
58905,6,International,Mobile,Night,98,0
139992,4,Same City,POS,Morning,92,0
11078,10,International,ATM,Evening,83,0
178645,1,Same City,POS,Afternoon,16,0
158357,4,International,ATM,Night,30,0
84449,6,International,Mobile,Afternoon,46,1
160604,6,Same City,Mobile,Night,23,0
103436,8,International,Mobile,Afternoon,115,1
179920,7,Different City,ATM,Night,25,0
199306,6,Same City,ATM,Afternoon,93,0
46190,10,Different City,Mobile,Morning,109,0
131737,8,Same City,POS,Night,53,0
94543,9,Different City,ATM,Morning,50,0
148850,5,International,Web,Afternoon,12,0
100774,6,Same City,POS,Evening,22,0
168570,7,Same City,Mobile,Night,39,0
23716,5,Different City,POS,Afternoon,84,0
56472,8,Same City,POS,Night,60,0
4798,7,International,Web,Afternoon,71,0
33609,3,Different City,Web,Evening,45,0
193794,9,Same City,Mobile,Evening,98,0
82683,6,Different City,Web,Morning,84,0
33796,5,Same City,POS,Afternoon,116,0
182691,1,Same City,ATM,Night,104,0
137573,5,International,POS,Afternoon,22,0
83873,7,International,POS,Afternoon,27,1
121335,3,International,Web,Morning,49,0
128999,9,Different City,ATM,Evening,24,0
139553,3,Different City,Web,Morning,51,0
10732,8,Same City,Web,Night,55,0
178147,10,Same City,POS,Afternoon,85,0
54703,10,Same City,Web,Morning,8,0
7143,7,International,POS,Morning,79,0
161884,5,Different City,POS,Evening,75,0
86622,6,International,POS,Evening,73,1
81602,2,International,Web,Evening,1,0
82920,1,Same City,ATM,Morning,40,0
183360,7,International,Mobile,Night,63,1
29878,6,International,Mobile,Night,46,0
195122,8,International,POS,Night,53,1
185010,1,Different City,Web,Night,103,0
107535,7,International,POS,Night,96,1
172678,5,International,Web,Afternoon,86,0
64751,4,Same City,ATM,Afternoon,97,0
19249,6,Same City,Mobile,Afternoon,1,0
64260,7,Different City,Web,Night,13,0
177977,10,International,ATM,Evening,29,1
58634,10,Same City,POS,Afternoon,72,0
99139,5,Different City,POS,Morning,26,0
151522,1,Same City,Web,Night,36,0
50622,9,Different City,POS,Morning,2,0
4760,2,Same City,POS,Night,110,0
176661,3,Same City,Web,Morning,87,0
181110,2,Different City,Web,Afternoon,18,0
155671,4,International,Web,Evening,23,0
173674,1,International,ATM,Morning,98,0
27967,2,Different City,ATM,Morning,77,0
105758,3,Different City,Web,Night,39,0
196930,6,International,POS,Evening,90,1
163848,10,International,Mobile,Morning,43,1
150915,3,Different City,POS,Night,77,0
195495,3,International,ATM,Night,67,0
71425,6,Same City,POS,Afternoon,107,0
36536,10,Different City,Mobile,Afternoon,36,0
190374,10,International,Mobile,Night,93,1
27245,5,Different City,Mobile,Afternoon,66,0
69546,6,Same City,Web,Evening,22,0
162492,9,Same City,Web,Night,2,0
5189,4,Same City,Mobile,Morning,75,0
21729,2,Same City,POS,Morning,84,0
161663,10,Same City,Web,Afternoon,66,0
75937,5,Different City,ATM,Morning,20,0
109566,4,International,Web,Night,115,0
166939,1,Same City,ATM,Afternoon,44,0
154720,8,International,POS,Night,25,1
23616,8,Same City,Web,Afternoon,80,0
24562,3,Same City,Mobile,Night,2,0
106166,5,International,Mobile,Evening,65,0
143836,10,International,ATM,Morning,102,1
133591,5,International,Mobile,Morning,79,0
97949,8,International,Web,Night,39,1
28363,1,Different City,Web,Night,1,0
106963,3,Different City,POS,Evening,68,0
15721,5,Different City,Mobile,Evening,119,0
64642,3,International,Mobile,Evening,110,0
120946,6,Same City,POS,Evening,2,0
14767,8,International,Mobile,Morning,119,0
117753,6,International,Mobile,Afternoon,97,1
73290,9,Same City,Mobile,Morning,83,0
115247,5,Same City,POS,Afternoon,99,0
113464,6,International,Web,Evening,76,1
36977,2,International,POS,Afternoon,106,0
12054,1,International,POS,Night,70,0
30293,1,Different City,ATM,Night,56,0
120843,1,International,Web,Morning,53,0
54968,6,Same City,Mobile,Afternoon,44,0
56501,1,International,ATM,Morning,52,0
116786,1,Same City,ATM,Morning,34,0
183587,5,Different City,POS,Morning,24,0
156116,8,Different City,POS,Afternoon,88,0
151610,3,International,Mobile,Night,92,0
20872,5,International,ATM,Evening,13,0
94377,1,Same City,Mobile,Morning,54,0
60584,9,International,POS,Morning,117,0
101951,7,Different City,Mobile,Night,26,0
45517,4,Same City,Mobile,Afternoon,81,0
74371,3,International,ATM,Evening,44,0
58392,7,Same City,Web,Afternoon,79,0
25145,10,International,ATM,Night,7,0
27317,4,International,Mobile,Morning,103,0
154320,10,Different City,Mobile,Night,4,0
60055,7,International,Mobile,Morning,116,0
20594,8,International,ATM,Afternoon,63,0
155469,5,Same City,Mobile,Night,84,0
60424,4,Different City,Mobile,Afternoon,102,0
153329,2,Same City,Mobile,Morning,29,0
148338,8,Different City,ATM,Afternoon,94,0
190011,9,International,POS,Morning,105,1
19372,2,Different City,Web,Evening,30,0
36149,8,International,Mobile,Afternoon,72,0
89411,8,International,Web,Afternoon,77,1
30090,9,Different City,ATM,Morning,76,0
132962,9,Different City,Web,Evening,61,0
188363,9,International,Web,Night,119,1
106583,4,Different City,Web,Afternoon,35,0
127860,4,Different City,ATM,Morning,14,0
101889,3,Different City,Mobile,Afternoon,48,0
199987,10,International,POS,Evening,72,1
30722,3,Same City,Web,Morning,48,0
191286,1,Different City,Web,Night,74,0
167018,5,International,Web,Evening,19,0
35799,1,Same City,Mobile,Morning,95,0
191220,1,Different City,Web,Evening,49,0
123475,4,Different City,POS,Morning,31,0
84529,8,Same City,ATM,Afternoon,115,0
94055,9,Different City,Mobile,Evening,66,0
133821,5,International,Mobile,Morning,29,0
52274,6,Different City,ATM,Night,42,0
13038,2,Same City,ATM,Night,58,0
149762,9,International,POS,Morning,81,1
174502,7,Different City,Web,Morning,13,0
71403,5,Different City,Web,Morning,68,0
103200,3,International,Web,Morning,116,0
92958,10,Different City,POS,Night,68,0
51435,2,Same City,Web,Afternoon,9,0
50103,6,Same City,Web,Afternoon,27,0
158893,6,International,Web,Morning,91,1
130529,2,Same City,Mobile,Evening,44,0
34141,6,Same City,Mobile,Afternoon,41,0
158780,9,International,Web,Evening,57,1
95288,8,Same City,Web,Afternoon,7,0
163156,3,Same City,ATM,Evening,102,0
58449,3,Different City,Web,Evening,98,0
143286,1,Different City,Mobile,Afternoon,96,0
190628,4,International,Mobile,Morning,42,0
50849,1,Same City,Mobile,Night,35,0
42870,5,Different City,ATM,Night,55,0
65478,6,Same City,Mobile,Morning,61,0
101227,2,Different City,Mobile,Morning,40,0
79774,7,Different City,Web,Morning,104,0
185728,4,Different City,Mobile,Evening,46,0
97705,4,International,POS,Night,65,0
42106,9,International,POS,Night,48,0
164209,3,Different City,Web,Morning,71,0
94694,9,Different City,ATM,Afternoon,69,0
28888,6,International,ATM,Evening,109,0
84976,9,International,Mobile,Morning,26,1
46728,6,Same City,Mobile,Morning,104,0
3846,10,International,ATM,Morning,82,0
43018,3,Same City,Web,Night,12,0
116610,2,Different City,Mobile,Afternoon,52,0
51378,10,Same City,ATM,Afternoon,53,0
168118,6,International,ATM,Morning,102,1
127002,6,Same City,Web,Night,52,0
94988,10,Same City,Mobile,Night,83,0
55790,9,International,Web,Morning,90,0
70857,6,International,Mobile,Night,117,0
94857,3,International,ATM,Morning,13,0
117426,7,International,Web,Afternoon,80,1
574,8,Different City,Web,Afternoon,119,0
163910,10,Different City,ATM,Afternoon,19,0
47480,3,Different City,Mobile,Night,8,0
102041,8,Same City,ATM,Morning,50,0
25347,7,Different City,POS,Night,13,0
28087,3,Different City,POS,Afternoon,71,0
113123,5,Different City,Web,Night,83,0
148894,5,Different City,Mobile,Night,42,0
103181,4,Same City,ATM,Afternoon,92,0
135043,7,Different City,Web,Night,36,0
146078,6,Same City,POS,Afternoon,119,0
70611,6,Same City,ATM,Evening,2,0
42784,10,International,ATM,Evening,88,0
164751,5,Same City,POS,Morning,18,0
193613,6,Different City,POS,Morning,48,0
116509,3,Same City,ATM,Evening,83,0
185225,10,International,Mobile,Afternoon,22,1
94530,7,International,Mobile,Night,4,1
100568,6,Same City,POS,Night,29,0
77458,2,Different City,Mobile,Evening,78,0
1044,9,Different City,POS,Night,88,0
59370,7,International,ATM,Morning,46,0
71092,10,Different City,Web,Morning,104,0
146328,4,Different City,POS,Morning,107,0
7412,9,Same City,Mobile,Afternoon,114,0
89779,6,International,Web,Afternoon,97,1
158266,4,International,Mobile,Evening,51,0
189817,8,Different City,POS,Afternoon,101,0
152947,10,Different City,ATM,Morning,103,0
121213,10,Same City,POS,Morning,70,0
78478,9,Different City,Mobile,Afternoon,117,0
122624,8,Same City,POS,Afternoon,119,0
137367,1,Same City,Web,Evening,53,0
27362,1,Same City,POS,Night,40,0
99482,2,International,Mobile,Afternoon,97,0
89355,9,Same City,Mobile,Morning,112,0
90791,8,Different City,ATM,Morning,50,0
23430,3,Different City,Web,Night,26,0
15898,1,Different City,POS,Afternoon,90,0
21489,3,International,POS,Morning,63,0
92926,5,Different City,Mobile,Afternoon,4,0
105050,6,Same City,Mobile,Night,5,0
41039,7,Different City,Mobile,Afternoon,106,0
165222,3,International,ATM,Evening,96,0
33295,6,Different City,Mobile,Morning,18,0
97046,9,Same City,ATM,Night,73,0
73709,8,Different City,ATM,Night,117,0
191738,9,Different City,Web,Morning,103,0
114305,3,Same City,ATM,Evening,59,0
70520,8,Different City,POS,Morning,49,0
20069,3,International,ATM,Night,91,0
127283,4,Same City,POS,Afternoon,46,0
176980,10,International,Web,Night,110,1
58506,9,International,POS,Morning,53,0
172885,5,Same City,ATM,Evening,90,0
68977,5,Same City,Web,Night,99,0
30518,8,Same City,ATM,Evening,66,0
165286,9,International,Web,Night,50,1
10015,1,Different City,Mobile,Evening,105,0
137184,1,Same City,POS,Evening,52,0
64668,8,Same City,Web,Morning,54,0
170900,2,International,POS,Morning,22,0
192475,10,Same City,POS,Night,19,0
100883,7,International,POS,Afternoon,4,1
184848,4,Same City,Web,Morning,52,0
143523,7,Different City,POS,Evening,56,0
132113,9,International,ATM,Morning,108,1
72411,4,Same City,Mobile,Afternoon,101,0
49358,9,Different City,ATM,Evening,65,0
9904,9,Different City,ATM,Morning,22,0
110503,10,International,POS,Night,66,1
123564,3,International,Mobile,Night,7,0
17980,6,International,ATM,Afternoon,42,0
21025,5,International,POS,Night,50,0
32411,10,Different City,ATM,Night,66,0
26254,10,Same City,Web,Afternoon,119,0
31699,1,Different City,ATM,Afternoon,109,0
110976,6,Same City,Web,Afternoon,111,0
115994,7,Different City,ATM,Morning,35,0
177682,9,Different City,POS,Afternoon,52,0
88346,1,Same City,POS,Morning,47,0
28370,1,Different City,POS,Evening,26,0
3597,9,International,Mobile,Afternoon,24,0
111916,6,Different City,Web,Evening,76,0
108632,4,Same City,POS,Evening,119,0
173078,10,Different City,Mobile,Afternoon,21,0
73150,4,International,ATM,Night,8,0
24126,6,International,Mobile,Morning,80,0
175770,8,Different City,POS,Morning,29,0
163815,4,Same City,ATM,Evening,10,0
117913,1,International,ATM,Afternoon,36,0
171723,8,International,POS,Morning,15,1
10646,8,Different City,POS,Afternoon,6,0
168876,2,International,POS,Night,10,0
180964,4,International,Mobile,Afternoon,93,0
70506,10,Different City,Web,Evening,110,0
186796,8,Same City,POS,Evening,45,0
185934,7,International,Mobile,Afternoon,83,1
26095,6,Different City,ATM,Evening,74,0
104006,10,Same City,ATM,Morning,111,0
114985,9,Different City,Web,Evening,34,0
114037,4,Same City,POS,Afternoon,61,0
183483,4,Same City,Mobile,Morning,45,0
113405,10,International,Web,Night,26,1
114610,3,Same City,POS,Morning,118,0
146142,1,International,Mobile,Morning,28,0
123697,7,Same City,POS,Night,87,0
132134,3,Same City,Mobile,Afternoon,113,0
35534,4,Different City,POS,Morning,47,0
40375,2,Different City,POS,Night,3,0
170042,6,Different City,Mobile,Morning,83,0
12968,3,Same City,ATM,Evening,33,0
194463,1,Different City,Mobile,Morning,97,0
35651,10,Same City,ATM,Afternoon,79,0
193248,8,International,Web,Evening,50,1
167456,9,Different City,Mobile,Night,48,0
194328,10,International,Mobile,Evening,39,1
60676,10,International,ATM,Morning,36,0
190535,7,Same City,ATM,Morning,15,0
54017,7,Different City,Mobile,Afternoon,46,0
190169,7,International,ATM,Evening,72,1
181552,7,Same City,Web,Night,102,0
134616,5,Same City,ATM,Afternoon,96,0
149310,2,Same City,Mobile,Evening,80,0
77002,5,Different City,POS,Afternoon,50,0
155164,1,Same City,Mobile,Afternoon,35,0
129494,8,Different City,Web,Evening,50,0
168973,9,International,Web,Morning,23,1
89063,4,International,Mobile,Afternoon,19,0
188321,3,Same City,POS,Afternoon,82,0
160252,5,International,Web,Morning,7,0
30310,4,Different City,Mobile,Afternoon,111,0
91347,6,International,POS,Afternoon,27,1
197249,6,Different City,ATM,Night,19,0
89026,4,International,Mobile,Afternoon,28,0
126408,4,Same City,Mobile,Evening,26,0
89126,8,Different City,POS,Evening,85,0
30417,10,Different City,Web,Night,113,0
140178,9,International,ATM,Evening,120,1
68602,5,Different City,Mobile,Night,4,0
153923,5,Same City,Mobile,Morning,109,0
26613,9,International,POS,Night,107,0
28781,5,International,ATM,Afternoon,112,0
119154,2,Same City,ATM,Morning,88,0
115130,3,International,POS,Afternoon,85,0
147757,10,International,POS,Afternoon,44,1
36151,3,Same City,Mobile,Morning,8,0
115617,3,Same City,Mobile,Evening,9,0
102004,10,International,POS,Morning,26,1
41256,9,Different City,POS,Morning,61,0
31196,4,Different City,ATM,Morning,52,0
1107,8,Same City,Mobile,Afternoon,2,0
87241,6,Different City,ATM,Morning,11,0
128109,9,Same City,Mobile,Morning,24,0
41677,10,Different City,POS,Evening,42,0
93880,4,Same City,Web,Night,46,0
150929,5,Same City,Mobile,Evening,59,0
51612,1,Same City,Mobile,Evening,4,0
196200,4,Different City,ATM,Morning,86,0
175110,10,Same City,Web,Night,89,0
145170,1,International,Mobile,Afternoon,20,0
51972,8,International,ATM,Night,114,0
31868,8,Same City,POS,Night,110,0
100013,3,Different City,Web,Afternoon,66,0
84902,2,Different City,POS,Morning,116,0
1078,9,Different City,ATM,Evening,15,0
175786,4,Same City,ATM,Afternoon,93,0
38220,5,International,ATM,Afternoon,10,0
62183,9,Different City,Mobile,Night,29,0
185414,9,International,POS,Night,80,1
178252,9,Different City,Mobile,Night,87,0
95302,2,Same City,Mobile,Morning,7,0
125851,7,Same City,ATM,Night,40,0
196726,3,Same City,Web,Night,90,0
149148,3,Same City,Web,Night,84,0
193694,9,Different City,ATM,Morning,99,0
100884,10,Same City,Web,Night,108,0
40944,2,International,Mobile,Afternoon,47,0
36761,1,Different City,Web,Night,9,0
67481,3,Same City,ATM,Evening,57,0
34751,5,International,ATM,Night,67,0
186902,10,International,Mobile,Afternoon,106,1
183946,8,Same City,Mobile,Afternoon,63,0
122211,2,International,POS,Evening,21,0
161718,5,International,Mobile,Night,86,0
48245,9,International,ATM,Afternoon,36,0
42269,9,Same City,ATM,Evening,10,0
94451,6,Same City,ATM,Morning,98,0
65508,8,International,Mobile,Morning,97,0
137503,1,Different City,ATM,Night,66,0
104500,2,Same City,Web,Evening,85,0
2137,4,Different City,Mobile,Night,34,0
190314,6,Same City,Mobile,Morning,117,0
135486,6,Different City,POS,Evening,15,0
145171,7,Same City,Web,Night,106,0
150470,5,Different City,Web,Night,3,0
21601,10,International,Web,Night,59,0
86874,9,Different City,Web,Night,57,0
77932,3,Different City,POS,Evening,119,0
131417,7,Different City,Web,Morning,17,0
25647,9,Different City,ATM,Afternoon,10,0
38576,8,Same City,POS,Evening,58,0
82914,10,Different City,ATM,Afternoon,24,0
164664,10,Same City,Mobile,Morning,58,0
80201,6,Different City,ATM,Evening,71,0
77739,2,Different City,POS,Morning,49,0
14714,6,Different City,Mobile,Night,88,0
76515,1,International,Web,Afternoon,34,0
31736,1,Different City,POS,Evening,97,0
98021,10,Same City,POS,Night,79,0
186204,1,Same City,ATM,Morning,56,0
107715,5,Different City,Mobile,Morning,118,0
111027,9,Same City,POS,Morning,70,0
127309,3,Same City,Web,Afternoon,22,0
13838,8,Different City,POS,Evening,20,0
154544,1,International,ATM,Night,70,0
130073,5,International,Web,Morning,101,0
88613,10,Different City,Web,Afternoon,112,0
17224,2,Same City,Web,Afternoon,92,0
84144,1,International,Mobile,Afternoon,39,0
149183,9,Different City,Mobile,Evening,34,0
160405,1,Same City,Mobile,Evening,111,0
5352,9,International,ATM,Afternoon,13,0
192955,8,International,ATM,Evening,31,1
125520,10,Same City,ATM,Afternoon,51,0
184811,5,International,Mobile,Afternoon,56,0
17049,5,Different City,Mobile,Morning,36,0
44120,1,Same City,Mobile,Evening,90,0
121146,1,International,Web,Evening,84,0
102167,1,International,POS,Night,42,0
57265,8,Different City,ATM,Night,83,0
163148,10,Different City,POS,Night,90,0
167468,8,Same City,ATM,Afternoon,11,0
117978,6,International,Web,Morning,20,1
140543,4,Same City,Mobile,Night,67,0
80273,2,International,Mobile,Afternoon,81,0
132544,5,International,POS,Afternoon,21,0
132215,6,International,Web,Morning,56,1
194157,2,Different City,ATM,Afternoon,59,0
186062,2,Different City,POS,Afternoon,107,0
124910,2,Different City,ATM,Morning,61,0
108611,6,Different City,Mobile,Morning,54,0
159845,8,International,Web,Afternoon,88,1
90621,9,Different City,ATM,Afternoon,53,0
19491,1,Same City,ATM,Night,39,0
157470,3,Same City,POS,Afternoon,34,0
177972,5,International,ATM,Morning,51,0
46308,10,Same City,POS,Afternoon,110,0
15866,9,Same City,Web,Evening,28,0
97033,4,Different City,ATM,Afternoon,14,0
123965,1,Different City,Mobile,Evening,98,0
48280,1,International,Web,Night,93,0
100185,10,Same City,ATM,Evening,101,0
82328,4,International,ATM,Night,81,0
147669,3,Different City,POS,Evening,47,0
96225,10,Same City,POS,Afternoon,88,0
198837,10,Same City,ATM,Evening,21,0
140807,10,International,Mobile,Afternoon,57,1
60462,7,Same City,Mobile,Morning,51,0
126450,1,Different City,ATM,Night,46,0
133698,4,International,Mobile,Night,24,0
62131,5,Different City,ATM,Morning,55,0
55069,1,International,POS,Afternoon,77,0
29045,9,International,Mobile,Morning,106,0
122602,7,International,Mobile,Evening,13,1
11770,3,Same City,POS,Night,109,0
166788,7,Same City,Mobile,Afternoon,54,0
80003,5,Different City,POS,Afternoon,41,0
64666,4,Same City,POS,Morning,30,0
109264,10,International,Web,Morning,12,1
39229,8,International,ATM,Evening,111,0
162080,4,Same City,Web,Morning,51,0
68434,5,Same City,ATM,Morning,56,0
129134,10,Same City,POS,Morning,111,0
47587,5,Different City,POS,Morning,3,0
42345,9,International,ATM,Evening,114,0
135570,7,Same City,Mobile,Evening,45,0
75602,4,Same City,ATM,Night,55,0
30369,9,Different City,Web,Night,31,0
68398,10,International,Mobile,Evening,54,0
16657,3,International,ATM,Night,100,0
10437,4,Different City,Web,Afternoon,111,0
11822,10,International,Web,Morning,57,0
99677,5,Different City,Mobile,Afternoon,25,0
178763,2,Different City,ATM,Evening,94,0
167746,1,Different City,Web,Night,85,0
185638,2,Same City,Web,Night,30,0
129823,8,International,ATM,Afternoon,28,1
82243,5,International,Web,Night,116,0
165785,9,Same City,Web,Evening,67,0
87074,10,International,Web,Afternoon,108,1
26625,4,Different City,Web,Night,78,0
33995,3,Different City,POS,Night,58,0
76289,7,International,Web,Night,22,0
91078,10,Different City,POS,Afternoon,91,0
169270,9,International,POS,Evening,52,1
164919,7,Same City,Mobile,Afternoon,53,0
114325,1,Different City,POS,Morning,39,0
134971,4,Same City,ATM,Morning,114,0
125298,10,Same City,Mobile,Evening,49,0
196094,10,Same City,Web,Afternoon,116,0
183531,8,Same City,Web,Night,35,0
139639,1,Different City,POS,Evening,112,0
186643,6,Different City,Mobile,Evening,51,0
62241,3,Different City,POS,Morning,50,0
62821,3,Different City,ATM,Afternoon,11,0
168458,7,Same City,POS,Morning,107,0
158760,3,Same City,Web,Night,35,0
175957,8,Same City,Web,Evening,68,0
106726,2,Same City,ATM,Night,113,0
78774,5,Same City,Web,Evening,62,0
155413,6,International,Mobile,Morning,52,1
175743,1,International,Mobile,Evening,108,0
96733,7,Different City,Mobile,Afternoon,92,0
33287,4,Different City,Web,Afternoon,40,0
172877,1,Same City,Web,Night,105,0
8598,4,Same City,Mobile,Night,40,0
176571,7,Different City,Web,Night,80,0
179712,2,Different City,POS,Evening,62,0
189451,2,Same City,Mobile,Morning,64,0
117409,2,Different City,Mobile,Night,2,0
172013,9,International,Web,Afternoon,82,1
67429,3,International,POS,Afternoon,27,0
79895,1,Different City,ATM,Afternoon,108,0
23886,10,International,POS,Evening,102,0
199822,9,Different City,POS,Night,111,0
58143,2,International,POS,Night,66,0
113074,10,Same City,Mobile,Night,39,0
121703,10,Different City,Mobile,Night,46,0
105736,8,International,POS,Night,34,1
83470,6,Different City,Mobile,Morning,106,0
34756,4,Same City,POS,Evening,63,0
47569,5,Same City,Mobile,Afternoon,9,0
128873,3,Same City,ATM,Night,23,0
117203,10,International,ATM,Evening,7,1
130518,4,Same City,POS,Morning,8,0
78161,2,International,Mobile,Morning,37,0
48693,7,Same City,Mobile,Morning,4,0
173887,1,International,ATM,Morning,3,0
107168,9,Different City,POS,Afternoon,2,0
55783,2,International,Mobile,Morning,118,0
52983,7,Same City,POS,Evening,54,0
137891,10,International,ATM,Morning,4,1
127033,10,Different City,POS,Afternoon,37,0
153149,3,Different City,ATM,Afternoon,76,0
109987,9,International,POS,Afternoon,90,1
179793,8,Same City,Web,Evening,42,0
1765,7,Different City,POS,Morning,25,0
22934,8,Same City,Mobile,Evening,71,0
111066,8,International,Mobile,Morning,37,1
91104,7,International,Mobile,Morning,2,1
99948,7,International,ATM,Afternoon,42,1
29129,3,Different City,ATM,Morning,25,0
157591,2,Different City,ATM,Evening,6,0
31076,6,International,Web,Evening,107,0
20444,9,Same City,Web,Night,65,0
193919,6,International,POS,Night,47,1
37080,8,International,ATM,Night,38,0
127890,8,Different City,Web,Morning,81,0
91097,9,Different City,ATM,Evening,101,0
46149,5,Different City,Mobile,Night,70,0
55150,4,Different City,Web,Afternoon,11,0
102602,10,Same City,ATM,Night,113,0
193201,1,Same City,Web,Morning,68,0
79473,2,International,Web,Morning,119,0
38350,8,International,POS,Morning,77,0
41335,10,Different City,Mobile,Morning,23,0
49542,6,International,Web,Evening,57,0
143320,7,International,Web,Morning,54,1
178324,4,Different City,ATM,Afternoon,17,0
176759,3,Same City,POS,Afternoon,75,0
47551,10,Different City,ATM,Night,64,0
182508,4,Same City,ATM,Night,11,0
160434,3,Same City,ATM,Night,55,0
89508,1,Different City,ATM,Night,98,0
74106,3,Same City,POS,Morning,13,0
116630,7,International,ATM,Night,55,1
191658,6,International,Mobile,Evening,75,1
129956,9,International,Mobile,Evening,118,1
156501,3,International,Mobile,Evening,14,0
62739,5,Different City,Web,Night,107,0
143701,7,International,POS,Morning,10,1
28524,4,Same City,POS,Morning,48,0
82709,2,International,ATM,Evening,49,0
128395,8,Different City,Mobile,Evening,101,0
189689,1,International,Web,Night,71,0
36265,2,Same City,ATM,Night,111,0
126487,8,Different City,Web,Night,119,0
141095,4,International,Mobile,Night,34,0
4301,2,International,POS,Night,87,0
40854,9,Same City,Web,Night,83,0
91093,9,Different City,Web,Evening,21,0
8665,1,Different City,POS,Night,65,0
2378,7,International,ATM,Night,94,0
4325,6,International,Mobile,Afternoon,53,0
52288,2,Different City,Web,Night,106,0
65734,2,Same City,ATM,Evening,1,0
183716,5,Same City,Mobile,Morning,92,0
124489,10,Different City,ATM,Morning,64,0
8185,1,Same City,ATM,Evening,116,0
158112,3,International,POS,Evening,28,0
159139,10,Different City,Mobile,Evening,52,0
33010,9,International,POS,Night,28,0
193861,5,Different City,Web,Evening,109,0
6285,5,Different City,Web,Evening,106,0
110049,1,Same City,Web,Afternoon,27,0
9107,5,Same City,POS,Evening,33,0
38839,5,Different City,POS,Afternoon,73,0
53415,3,International,Mobile,Night,25,0
82801,10,Different City,Web,Evening,40,0
58988,7,International,Mobile,Morning,101,0
155340,10,Different City,Web,Night,87,0
142875,10,International,Web,Afternoon,30,1
3797,4,International,ATM,Night,65,0
44743,5,Same City,ATM,Evening,4,0
101735,8,Same City,Web,Morning,18,0
59868,8,Same City,POS,Night,12,0
28396,9,International,Mobile,Evening,3,0
121124,4,International,Web,Evening,108,0
19571,8,Different City,Web,Morning,91,0
185035,5,Different City,Web,Evening,31,0
156436,3,Different City,ATM,Evening,75,0
118545,3,Same City,Mobile,Evening,6,0
31455,2,Different City,Mobile,Morning,37,0
23758,6,International,POS,Morning,60,0
12146,8,Different City,ATM,Evening,103,0
62771,1,Different City,Mobile,Morning,60,0
73561,8,Different City,Mobile,Night,42,0
87920,5,Same City,POS,Evening,14,0
17714,8,Different City,Mobile,Night,49,0
97199,9,Different City,Web,Night,79,0
37782,6,Different City,Web,Afternoon,87,0
131787,7,Different City,Mobile,Afternoon,58,0
166055,2,Same City,ATM,Evening,28,0
87948,2,Same City,Web,Night,33,0
65838,5,International,Mobile,Evening,79,0
165891,10,Different City,ATM,Afternoon,33,0
8931,6,Same City,POS,Afternoon,58,0
69822,1,Same City,Web,Evening,45,0
107330,1,Same City,Mobile,Afternoon,37,0
73730,7,Same City,POS,Night,84,0
28331,2,International,Web,Night,39,0
53080,3,Same City,ATM,Night,99,0
101360,10,International,ATM,Afternoon,95,1
117107,4,International,ATM,Evening,17,0
73092,10,Same City,Web,Night,102,0
144734,4,Same City,Mobile,Morning,39,0
152967,9,Same City,ATM,Afternoon,25,0
39287,3,Same City,ATM,Evening,51,0
84723,1,Different City,Web,Morning,54,0
176068,7,Same City,ATM,Evening,81,0
7468,4,Different City,Mobile,Night,11,0
170098,3,Different City,ATM,Night,57,0
143316,2,Different City,POS,Evening,55,0
106776,7,Different City,POS,Afternoon,92,0
54375,5,Same City,POS,Afternoon,96,0
35787,2,Different City,POS,Night,36,0
28867,6,Same City,POS,Evening,100,0
179882,10,Different City,Mobile,Afternoon,99,0
174421,2,Different City,POS,Morning,83,0
22644,9,Same City,Mobile,Evening,89,0
52719,9,Different City,POS,Morning,53,0
31855,1,International,Mobile,Evening,85,0
95968,5,International,Mobile,Morning,28,0
179407,2,Different City,POS,Afternoon,76,0
169856,8,Same City,Web,Morning,20,0
164989,10,Different City,Mobile,Evening,111,0
11892,6,Different City,Mobile,Night,106,0
157982,2,International,ATM,Evening,111,0
102035,7,Same City,Web,Night,58,0
194249,4,Same City,ATM,Morning,60,0
80922,8,Same City,Mobile,Night,41,0
127074,2,International,Mobile,Evening,84,0
196593,7,Same City,POS,Night,48,0
84591,3,International,ATM,Evening,54,0
69254,7,Different City,ATM,Evening,6,0
13182,7,International,Web,Night,31,0
53015,7,International,POS,Night,109,0
196972,10,Same City,Web,Evening,107,0
171317,9,Different City,ATM,Night,34,0
136262,6,Same City,Web,Night,100,0
118624,10,International,Web,Night,18,1
108440,5,Different City,Mobile,Night,89,0
156396,9,International,POS,Evening,27,1
20030,2,Different City,ATM,Evening,99,0
37532,10,International,POS,Night,4,0
87760,2,International,ATM,Afternoon,108,0
11892,7,International,POS,Morning,87,0
8572,1,Different City,Mobile,Morning,63,0
155731,7,Different City,Mobile,Night,45,0
108587,10,Same City,Web,Afternoon,8,0
152729,8,Different City,ATM,Evening,103,0
176224,2,Same City,ATM,Night,98,0
21892,7,Different City,Web,Afternoon,37,0
77628,7,Different City,ATM,Afternoon,54,0
190502,8,Same City,Mobile,Afternoon,92,0
93705,7,Same City,ATM,Evening,58,0
66577,4,Different City,POS,Morning,70,0
50463,9,Different City,POS,Night,51,0
85370,3,Different City,ATM,Morning,93,0
22378,8,International,POS,Night,41,0
119357,2,Different City,Mobile,Night,34,0
34103,8,Same City,ATM,Morning,101,0
196025,7,International,Mobile,Evening,11,1
138963,2,Same City,Web,Afternoon,114,0
5513,1,Different City,Mobile,Night,82,0
45398,8,Same City,ATM,Night,59,0
20191,5,Same City,ATM,Night,36,0
113588,5,Different City,ATM,Morning,93,0
37785,4,Different City,Web,Afternoon,40,0
57901,9,Same City,Web,Afternoon,106,0
19978,1,International,ATM,Morning,116,0
171738,6,International,POS,Morning,15,1
172426,10,International,Web,Afternoon,76,1
168811,9,International,Mobile,Evening,19,1
168134,7,Different City,Web,Morning,45,0
71562,1,Same City,Web,Night,83,0
166807,6,International,ATM,Evening,100,1
189273,3,Same City,Web,Night,44,0
180113,9,International,Web,Afternoon,103,1
55396,8,International,Mobile,Night,62,0
65175,5,Different City,ATM,Morning,62,0
189720,10,International,POS,Afternoon,8,1
2726,1,Different City,ATM,Afternoon,2,0
168425,2,International,ATM,Evening,110,0
140672,6,International,ATM,Afternoon,100,1
196132,8,Different City,ATM,Night,23,0
75548,3,Same City,Web,Morning,93,0
84740,6,Different City,Web,Evening,87,0
14773,9,Different City,Web,Night,118,0
198650,5,Different City,POS,Afternoon,105,0
11583,5,International,ATM,Evening,2,0
189643,4,International,POS,Morning,13,0
165175,5,Different City,POS,Afternoon,100,0
62824,2,International,POS,Morning,21,0
136488,4,Same City,POS,Morning,63,0
189602,7,Different City,Mobile,Afternoon,107,0
30667,7,International,Web,Afternoon,45,0
93584,10,Different City,POS,Morning,25,0
10234,6,Same City,Mobile,Afternoon,101,0
91503,7,Same City,Mobile,Night,79,0
128244,10,Different City,POS,Night,92,0
134666,10,Different City,Web,Afternoon,107,0
195453,4,International,Mobile,Morning,47,0
108011,6,Different City,POS,Night,68,0
193351,8,Same City,Mobile,Evening,117,0
114907,3,Different City,ATM,Afternoon,8,0
196122,4,Same City,Web,Morning,64,0
124853,8,International,POS,Morning,32,1
198123,1,International,POS,Evening,101,0
84350,2,Same City,POS,Afternoon,64,0
14343,3,International,Mobile,Afternoon,85,0
84618,3,International,POS,Afternoon,15,0
177123,8,International,ATM,Night,23,1
169480,7,Different City,Web,Night,21,0
49942,10,Same City,POS,Morning,9,0
188448,2,Different City,ATM,Night,9,0
89532,9,Different City,POS,Morning,23,0
190952,2,Same City,POS,Night,23,0
134512,2,Same City,Mobile,Night,42,0
69191,8,International,ATM,Night,85,0
186588,5,International,Mobile,Morning,11,0
66690,3,Different City,Web,Morning,77,0
100197,9,Same City,POS,Afternoon,30,0
30043,4,International,Web,Evening,53,0
127384,10,Different City,POS,Morning,53,0
26007,2,Same City,ATM,Evening,48,0
18540,2,Same City,Mobile,Night,11,0
71323,6,International,Mobile,Evening,89,0
120286,3,International,ATM,Afternoon,37,0
76413,3,International,Mobile,Afternoon,78,0
110930,6,Different City,ATM,Morning,66,0
189108,7,Different City,ATM,Evening,66,0
70209,10,Same City,POS,Morning,28,0
77716,4,International,Web,Morning,106,0
99340,2,Different City,POS,Evening,107,0
127617,9,Same City,Mobile,Evening,35,0
130224,3,International,Web,Night,116,0
2650,2,International,POS,Afternoon,50,0
155181,1,Different City,Web,Afternoon,37,0
82506,9,Different City,Mobile,Evening,25,0
39423,7,Different City,Mobile,Evening,5,0
172336,2,International,Mobile,Morning,17,0
31822,6,Same City,ATM,Night,38,0
44983,8,International,Mobile,Morning,15,0
188815,5,International,ATM,Evening,80,0
175166,9,Same City,Mobile,Morning,54,0
149026,9,Same City,POS,Night,29,0
181290,9,Same City,Mobile,Morning,63,0
97019,6,Same City,POS,Night,39,0
189233,6,Same City,ATM,Evening,82,0
198988,9,International,Mobile,Night,104,1
136037,10,Same City,POS,Night,98,0
44824,2,Different City,Mobile,Afternoon,4,0
36722,1,International,ATM,Morning,11,0
140119,3,International,ATM,Morning,37,0
107524,2,Different City,Mobile,Night,29,0
78814,5,Same City,ATM,Morning,9,0
1811,8,Different City,Web,Morning,31,0
172517,1,Different City,ATM,Night,76,0
64334,8,International,Mobile,Evening,88,0
62123,6,Same City,ATM,Night,73,0
131602,2,Different City,POS,Night,98,0
62368,1,International,POS,Morning,17,0
52980,4,International,ATM,Afternoon,100,0
88046,6,Same City,Web,Night,39,0
31936,10,Same City,ATM,Morning,35,0
162483,3,Different City,Web,Afternoon,45,0
193395,4,Same City,POS,Night,45,0
67777,3,Different City,Mobile,Evening,83,0
43302,4,International,ATM,Night,84,0
147485,10,Different City,POS,Afternoon,37,0
24783,4,International,ATM,Morning,98,0
163474,5,Different City,POS,Night,111,0
74613,4,International,Web,Afternoon,114,0
101200,4,International,ATM,Morning,72,0
131572,1,Same City,Mobile,Evening,89,0
27186,2,Same City,Mobile,Night,88,0
111230,1,Different City,POS,Afternoon,40,0
124224,10,International,Mobile,Night,9,1
117184,3,Different City,Mobile,Evening,92,0
116388,7,Same City,POS,Evening,30,0
159446,1,Same City,Web,Morning,105,0
153312,7,Same City,ATM,Morning,86,0
161284,4,Different City,Web,Night,90,0
81827,10,International,Web,Afternoon,49,1
14675,4,International,Mobile,Morning,59,0
1636,8,Same City,Mobile,Afternoon,109,0
137354,3,International,POS,Night,37,0
69836,9,Same City,POS,Evening,63,0
84717,2,International,Web,Morning,64,0
133981,8,International,ATM,Evening,71,1
166617,7,International,Web,Afternoon,73,1
153517,3,Different City,Web,Night,105,0
49635,1,International,ATM,Evening,12,0
127227,10,Same City,POS,Morning,18,0
149980,5,Different City,ATM,Morning,26,0
120005,6,Different City,ATM,Morning,108,0
175521,6,Different City,ATM,Afternoon,61,0
151180,8,International,Web,Night,72,1
125589,2,Different City,ATM,Evening,32,0
124371,7,Different City,Mobile,Afternoon,38,0
111125,3,Same City,Web,Night,87,0
7654,6,Same City,POS,Night,40,0
124403,7,Same City,Mobile,Morning,61,0
70046,3,International,ATM,Night,111,0
85874,1,International,Mobile,Afternoon,37,0
10790,5,Same City,Web,Night,55,0
137105,10,Same City,POS,Evening,9,0
35201,8,International,Web,Evening,99,0
7314,1,Same City,Web,Night,14,0
136582,2,Same City,POS,Afternoon,36,0
141,5,Different City,Web,Night,100,0
43672,3,Same City,Web,Morning,48,0
2377,8,Different City,ATM,Night,15,0
90921,4,Different City,Mobile,Night,26,0
65296,6,International,Mobile,Night,18,0
115267,7,Different City,Web,Afternoon,85,0
1344,5,Different City,ATM,Evening,89,0
44302,9,Different City,POS,Afternoon,90,0
97810,8,Different City,POS,Evening,65,0
35823,2,International,Web,Afternoon,34,0
48788,4,International,POS,Night,15,0
22569,5,International,POS,Afternoon,79,0
111431,6,Different City,ATM,Afternoon,34,0
97158,5,Different City,Mobile,Afternoon,115,0
95978,2,Different City,POS,Morning,89,0
85510,6,Different City,ATM,Morning,111,0
55628,6,Same City,Web,Night,72,0
181984,6,International,POS,Evening,102,1
198168,5,Different City,Web,Night,30,0
11411,3,Same City,ATM,Afternoon,94,0
92855,1,Different City,POS,Night,87,0
16351,7,Same City,ATM,Morning,113,0
58333,9,Same City,POS,Evening,71,0
92073,9,Same City,Web,Evening,67,0
91464,4,Different City,ATM,Morning,41,0
72593,8,International,Web,Night,103,0
14487,3,Same City,POS,Evening,86,0
109870,6,Same City,Mobile,Afternoon,77,0
105390,6,Different City,Web,Morning,87,0
132013,6,International,POS,Afternoon,40,1
183447,2,Different City,Mobile,Night,89,0
139630,1,Same City,Mobile,Morning,92,0
138861,7,International,Mobile,Morning,70,1
28423,1,International,Web,Night,11,0
12261,9,Different City,POS,Morning,120,0
35549,2,International,Web,Night,31,0
32084,9,Same City,Mobile,Afternoon,68,0
54017,7,International,Mobile,Morning,70,0
193770,10,Different City,Mobile,Afternoon,56,0
32462,2,Different City,Mobile,Night,24,0
174284,10,Same City,Mobile,Evening,91,0
148101,1,Same City,POS,Night,102,0
174076,8,Different City,ATM,Evening,87,0
129254,2,Different City,Web,Night,36,0
147145,4,International,Mobile,Night,98,0
191463,4,Different City,Web,Afternoon,79,0
194423,5,Same City,POS,Morning,80,0
113865,5,Different City,Mobile,Night,102,0
63447,4,Different City,Web,Evening,107,0
55011,4,Different City,Mobile,Night,52,0
199253,3,Different City,Web,Morning,103,0
3023,1,International,Web,Night,64,0
112772,2,Same City,Web,Afternoon,39,0
43900,9,Different City,Web,Morning,90,0
147536,7,Different City,Web,Evening,36,0
119981,6,Different City,ATM,Night,118,0
165853,8,Same City,Web,Night,4,0
58857,3,International,Mobile,Morning,56,0
76091,2,Same City,ATM,Night,38,0
78791,5,International,Mobile,Evening,91,0
68603,1,Same City,ATM,Evening,87,0
102345,4,International,Mobile,Night,34,0
41812,9,Same City,ATM,Night,18,0
134700,10,Different City,Web,Morning,40,0
197149,4,International,Mobile,Night,40,0
84403,5,Same City,ATM,Evening,71,0
139662,2,Same City,POS,Night,28,0
59891,8,International,ATM,Afternoon,65,0
120928,3,Different City,POS,Morning,2,0
127978,5,International,ATM,Afternoon,101,0
61275,7,Same City,POS,Evening,42,0
18835,3,Different City,POS,Afternoon,46,0
162646,1,Same City,Web,Evening,50,0
64934,1,International,POS,Evening,45,0
91741,2,Different City,ATM,Night,30,0
81347,4,Different City,Web,Night,87,0
106151,8,Different City,Web,Morning,34,0
174082,3,Different City,POS,Evening,101,0
69066,5,Different City,POS,Afternoon,85,0
56299,1,International,POS,Night,66,0
183556,9,International,ATM,Evening,12,1
86868,5,Same City,Mobile,Morning,56,0
98812,6,Same City,Mobile,Afternoon,77,0
545,5,Same City,POS,Evening,25,0
60562,1,International,POS,Morning,114,0
35289,1,Same City,Mobile,Evening,8,0
181431,10,International,Web,Afternoon,114,1
150611,9,Different City,POS,Evening,101,0
86785,9,Different City,Web,Evening,107,0
168592,6,Different City,Mobile,Afternoon,88,0
53565,2,Same City,ATM,Evening,93,0
81184,7,Same City,ATM,Night,115,0
103200,1,International,POS,Evening,41,0
60694,9,International,POS,Evening,7,0
91846,4,Different City,POS,Night,17,0
58959,8,Same City,Mobile,Morning,105,0
81503,2,Different City,Web,Morning,12,0
162189,8,International,POS,Afternoon,64,1
166299,3,International,Web,Morning,103,0
97347,9,International,ATM,Evening,76,1
12204,9,Same City,Mobile,Evening,39,0
175719,6,International,POS,Night,95,1
86936,6,International,ATM,Morning,116,1
181894,1,Different City,ATM,Morning,72,0
80548,8,Same City,Web,Morning,38,0
132760,9,Different City,Web,Afternoon,51,0
150819,5,Same City,Web,Night,68,0
149892,6,International,Mobile,Evening,48,1
3612,10,International,POS,Night,63,0
171420,10,Same City,ATM,Afternoon,113,0
97399,9,Different City,ATM,Evening,60,0
24982,3,Different City,Mobile,Morning,90,0
180032,4,Same City,ATM,Evening,24,0
9614,10,International,ATM,Afternoon,82,0
162526,10,Same City,ATM,Evening,66,0
118934,7,International,Mobile,Afternoon,105,1
1424,5,Different City,POS,Evening,52,0
147552,3,Same City,POS,Night,99,0
78368,3,Same City,ATM,Morning,22,0
168096,6,Different City,Web,Night,91,0
177579,8,Same City,Web,Morning,47,0
110176,6,Same City,Web,Afternoon,57,0
135771,9,Different City,Mobile,Evening,13,0
152324,7,International,ATM,Morning,18,1
181035,9,International,Web,Night,19,1
22824,3,Different City,ATM,Evening,8,0
89925,1,International,POS,Morning,21,0
87560,10,International,Mobile,Night,30,1
179334,9,Same City,Web,Morning,2,0
22720,9,Same City,POS,Afternoon,84,0
124292,1,Different City,Web,Evening,60,0
72947,9,Different City,Mobile,Night,61,0
103683,4,Same City,Web,Evening,83,0
167986,4,Same City,Mobile,Afternoon,67,0
51998,8,International,POS,Night,13,0
138595,7,International,Mobile,Night,106,1
9920,7,Different City,POS,Night,24,0
184322,10,Same City,ATM,Morning,30,0
112298,1,Same City,Mobile,Morning,17,0
197805,1,Different City,ATM,Afternoon,73,0
4499,7,International,Mobile,Night,78,0
112506,5,Different City,Web,Night,11,0
83460,8,Same City,ATM,Afternoon,57,0
49242,5,International,ATM,Night,101,0
20394,10,International,Mobile,Evening,103,0
149151,3,Same City,Mobile,Morning,67,0
157638,3,Same City,POS,Night,118,0
63295,10,Same City,Mobile,Morning,30,0
29664,9,Same City,POS,Morning,45,0
27795,10,Different City,Web,Evening,75,0
75803,1,Different City,POS,Night,39,0
35378,9,Different City,POS,Night,94,0
80973,9,International,Web,Morning,80,1
78341,3,International,POS,Evening,75,0
147582,8,International,Mobile,Night,79,1
184574,8,International,POS,Night,23,1
72096,1,Same City,Mobile,Evening,35,0
193070,5,Same City,Web,Evening,55,0
182765,6,Same City,ATM,Night,12,0
98017,9,Same City,POS,Morning,114,0
101804,3,Different City,Web,Evening,103,0
180107,8,Different City,POS,Night,8,0
107372,3,International,Mobile,Night,101,0
127204,1,Same City,ATM,Morning,39,0
7153,10,Different City,POS,Night,66,0
94127,5,International,POS,Evening,28,0
147595,1,Different City,POS,Morning,64,0
140522,8,Different City,Web,Night,27,0
61738,3,International,POS,Afternoon,44,0
176972,2,International,ATM,Afternoon,62,0
189645,9,International,Mobile,Night,11,1
129590,5,Different City,Mobile,Evening,76,0
81814,10,Different City,POS,Morning,110,0
43564,6,Different City,POS,Afternoon,104,0
179964,3,International,POS,Morning,81,0
31916,5,Same City,Mobile,Morning,70,0
58705,4,Same City,Web,Morning,54,0
79309,7,Different City,Web,Morning,4,0
126266,1,Same City,POS,Night,111,0
41835,4,Different City,Web,Morning,116,0
136705,7,Same City,ATM,Afternoon,114,0
187515,5,Same City,Mobile,Afternoon,25,0
173289,3,Same City,Mobile,Morning,82,0
3086,8,International,ATM,Night,47,0
48548,9,Different City,ATM,Afternoon,48,0
87340,7,Different City,Mobile,Night,38,0
107207,3,International,Mobile,Afternoon,71,0
17596,4,Different City,Web,Afternoon,69,0
66777,4,Different City,Web,Afternoon,119,0
8467,9,International,ATM,Evening,105,0
184718,4,Same City,Web,Night,81,0
106284,3,Same City,POS,Night,93,0
44462,6,Different City,Mobile,Night,2,0
64378,7,International,ATM,Evening,108,0
111891,3,Different City,ATM,Afternoon,107,0
71553,8,Different City,ATM,Night,53,0
118981,3,Different City,Mobile,Evening,59,0
142014,1,Same City,POS,Evening,5,0
13884,7,Different City,Web,Afternoon,75,0
121734,5,Different City,Mobile,Afternoon,116,0
48144,4,Different City,Mobile,Afternoon,62,0
148745,4,Different City,Web,Morning,107,0
134254,7,International,POS,Morning,31,1
99236,1,Different City,POS,Night,48,0
92912,7,Same City,Mobile,Evening,93,0
134446,3,International,Mobile,Morning,29,0
88364,3,Different City,POS,Afternoon,53,0
185043,3,Same City,Mobile,Morning,119,0
192187,8,Same City,Mobile,Morning,53,0
21221,3,Different City,Mobile,Night,102,0
93242,7,Different City,ATM,Night,90,0
76079,9,Different City,POS,Night,87,0
131549,4,International,Mobile,Evening,8,0
157219,9,Same City,POS,Morning,54,0
105513,5,International,ATM,Morning,80,0
69629,8,Different City,Web,Evening,110,0
186251,1,Different City,Mobile,Evening,11,0
116205,10,Different City,Web,Evening,14,0
94238,5,International,Web,Morning,63,0
27776,9,International,Mobile,Morning,1,0
199447,8,International,ATM,Afternoon,108,1
155939,7,Same City,ATM,Night,105,0
5148,9,Different City,ATM,Afternoon,22,0
100185,5,Same City,POS,Night,93,0
156500,3,International,Web,Evening,120,0
172789,2,Same City,Web,Morning,69,0
91315,6,Same City,Web,Afternoon,30,0
186567,5,International,ATM,Afternoon,46,0
197714,8,Same City,Web,Night,67,0
129665,4,International,Mobile,Night,99,0
168180,7,International,Web,Afternoon,79,1
27639,4,Same City,Mobile,Afternoon,59,0
97973,5,Same City,Web,Morning,4,0
96520,1,International,POS,Morning,50,0
74148,1,International,POS,Evening,113,0
143259,6,International,ATM,Morning,75,1
198170,2,International,Mobile,Morning,88,0
165840,3,Different City,POS,Evening,42,0
90125,6,Same City,POS,Evening,108,0
138057,10,International,ATM,Evening,120,1
973,2,Different City,Web,Afternoon,11,0
105106,2,Different City,POS,Afternoon,113,0
4072,8,International,Web,Evening,39,0
45916,4,Same City,Web,Afternoon,83,0
30798,5,Same City,POS,Afternoon,62,0
127955,10,Different City,ATM,Afternoon,6,0
104844,1,International,Mobile,Afternoon,115,0
155847,4,Same City,ATM,Morning,1,0
73750,6,Same City,Mobile,Afternoon,14,0
160531,2,Different City,ATM,Morning,38,0
183914,6,International,Mobile,Evening,39,1
114916,10,Different City,Web,Night,83,0
179906,1,Same City,Mobile,Morning,119,0
81199,4,Same City,Mobile,Morning,55,0
169023,6,International,ATM,Afternoon,1,1
34065,8,International,ATM,Afternoon,112,0
143199,5,Different City,ATM,Night,90,0
166320,6,International,Web,Evening,113,1
55083,10,Different City,POS,Evening,50,0
88550,6,International,POS,Afternoon,48,1
7704,2,Same City,Web,Night,105,0
140362,10,Different City,Mobile,Night,51,0
121303,1,International,Mobile,Morning,48,0
85306,1,Different City,Web,Morning,28,0
152482,7,Different City,ATM,Afternoon,26,0
84854,10,Different City,POS,Afternoon,107,0
3051,4,Same City,Web,Morning,70,0
143322,7,International,ATM,Afternoon,29,1
35925,10,Different City,Web,Evening,99,0
163795,4,Different City,POS,Morning,106,0
128502,6,Same City,Mobile,Afternoon,79,0
147246,3,International,POS,Afternoon,113,0
486,3,Different City,Web,Morning,16,0
61138,5,Different City,Mobile,Morning,61,0
80045,7,Same City,Mobile,Evening,82,0
88821,9,International,Mobile,Afternoon,28,1
110302,1,International,POS,Evening,83,0
85355,8,Different City,Web,Evening,120,0
126340,5,International,Web,Afternoon,4,0
95580,3,International,POS,Morning,16,0
40859,4,Same City,ATM,Night,86,0
158946,5,Same City,ATM,Evening,34,0
184051,2,International,POS,Evening,50,0
32766,6,International,ATM,Night,5,0
109862,4,International,POS,Morning,75,0
113481,6,Same City,Mobile,Afternoon,41,0
42035,3,International,Mobile,Night,111,0
197629,4,Different City,Mobile,Morning,70,0
189658,5,Different City,Mobile,Afternoon,7,0
54348,10,International,Mobile,Night,15,0
186694,7,International,ATM,Evening,88,1
130493,5,International,POS,Evening,19,0
66179,5,Different City,POS,Morning,10,0
28097,4,Different City,POS,Afternoon,78,0
116853,3,Same City,Mobile,Evening,113,0
137210,7,Same City,POS,Night,57,0
149146,6,Same City,Mobile,Evening,37,0
175962,10,Same City,Web,Night,22,0
136018,9,International,Mobile,Evening,102,1
133194,7,Same City,POS,Night,104,0
97198,7,International,Web,Evening,65,1
127079,5,Different City,Mobile,Afternoon,30,0
63328,2,Different City,Mobile,Evening,12,0
98396,10,International,Mobile,Night,20,1
916,2,International,POS,Afternoon,53,0
31344,6,Different City,Web,Night,114,0
161936,3,Different City,POS,Night,116,0
31794,5,International,POS,Evening,37,0
139024,7,Same City,POS,Evening,92,0
32672,8,Different City,ATM,Morning,92,0
11010,10,International,Mobile,Evening,75,0
2335,8,Different City,Mobile,Afternoon,56,0
22893,7,International,Web,Morning,117,0
74002,7,International,ATM,Morning,54,0
67890,4,International,ATM,Morning,1,0
82135,1,Same City,Mobile,Evening,120,0
182673,3,Same City,ATM,Morning,92,0
17605,2,Different City,POS,Evening,117,0
121921,10,International,Mobile,Night,77,1
161793,5,International,Web,Night,63,0
164250,4,International,POS,Night,88,0
175885,8,Different City,Web,Evening,13,0
83207,8,Same City,POS,Night,29,0
186235,10,International,Mobile,Morning,62,1
17818,10,International,Web,Evening,86,0
148120,3,Different City,POS,Evening,2,0
8109,2,International,ATM,Night,18,0
154888,6,Same City,Mobile,Morning,80,0
18468,9,Different City,ATM,Night,18,0
79458,10,Different City,Web,Morning,94,0
27527,3,International,POS,Morning,44,0
168444,5,International,POS,Night,102,0
134015,4,Same City,ATM,Evening,49,0
100312,6,Same City,POS,Night,18,0
12361,4,International,Mobile,Night,75,0
19182,9,Different City,Mobile,Night,12,0
31835,3,Different City,Web,Morning,70,0
194584,10,Different City,Web,Evening,63,0
141024,7,International,ATM,Evening,3,1
107898,2,International,Web,Morning,70,0
1557,4,Different City,Web,Night,62,0
6470,4,Different City,Web,Night,86,0
195615,7,Same City,POS,Morning,26,0
78044,2,International,ATM,Evening,116,0
74628,5,Same City,ATM,Afternoon,3,0
78220,9,International,ATM,Afternoon,92,0
148221,3,International,Web,Night,93,0
167241,1,Same City,POS,Afternoon,13,0
124488,1,International,Mobile,Evening,90,0
27301,5,Different City,Web,Night,51,0
170252,2,Different City,ATM,Afternoon,28,0
167667,2,Different City,Mobile,Morning,13,0
22535,4,International,Mobile,Evening,74,0
191541,9,Different City,POS,Night,100,0
182296,5,Same City,Web,Morning,49,0
148544,2,Different City,POS,Morning,71,0
160191,6,Same City,Mobile,Morning,115,0
10421,9,International,Mobile,Night,33,0
190185,10,International,Web,Night,101,1
83446,8,Different City,ATM,Night,84,0
51119,1,International,POS,Afternoon,2,0
48262,10,Same City,ATM,Evening,30,0
3026,10,International,Web,Afternoon,84,0
136901,7,Different City,POS,Evening,8,0
136514,2,International,Web,Evening,45,0
181756,8,International,ATM,Morning,6,1
62470,1,Different City,POS,Evening,80,0
44599,8,International,Mobile,Afternoon,49,0
188424,7,International,Web,Morning,108,1
76574,7,Different City,ATM,Night,119,0
101534,8,Same City,POS,Evening,29,0
165340,5,Different City,POS,Morning,93,0
27609,5,Same City,Mobile,Afternoon,16,0
179596,3,International,Mobile,Night,86,0
10632,8,International,Web,Evening,93,0
76241,8,Different City,Mobile,Afternoon,59,0
113221,7,Same City,Mobile,Afternoon,3,0
13796,7,International,Mobile,Afternoon,56,0
142896,7,Different City,POS,Morning,100,0
180150,8,Different City,ATM,Night,33,0
114586,2,Different City,POS,Morning,29,0
108107,10,Same City,ATM,Morning,14,0
21227,8,International,Web,Afternoon,119,0
53073,9,International,ATM,Afternoon,67,0
151058,7,Same City,ATM,Evening,68,0
173815,6,Different City,Web,Evening,86,0
8670,2,Same City,ATM,Afternoon,10,0
159016,8,Same City,Web,Afternoon,104,0
108145,3,International,Mobile,Night,26,0
54232,7,Same City,ATM,Morning,100,0
197136,1,Different City,ATM,Night,5,0
179624,7,International,Mobile,Morning,14,1
60015,10,International,ATM,Evening,55,0
167762,1,Different City,POS,Evening,94,0
192635,6,International,POS,Evening,118,1
102652,8,Same City,Web,Evening,42,0
172017,9,Same City,Mobile,Afternoon,62,0
136840,10,International,POS,Morning,13,1
82929,4,Different City,ATM,Afternoon,80,0
88674,3,International,Mobile,Morning,110,0
160045,9,Different City,Web,Afternoon,42,0
11758,6,Different City,POS,Morning,15,0
5099,8,Different City,ATM,Evening,92,0
71677,10,International,Mobile,Evening,31,0
111791,9,Different City,Web,Morning,94,0
33047,4,Different City,Web,Afternoon,49,0
144409,6,Same City,POS,Evening,69,0
92309,4,Same City,Mobile,Afternoon,41,0
192096,9,International,POS,Evening,32,1
157774,2,Different City,Mobile,Evening,37,0
2154,10,International,Mobile,Afternoon,4,0
104266,3,Different City,Web,Morning,23,0
43157,6,Same City,Web,Afternoon,87,0
147484,9,Same City,Mobile,Afternoon,96,0
166331,1,International,POS,Evening,81,0
175184,5,Different City,POS,Afternoon,81,0
152324,2,International,Web,Morning,110,0
14630,6,International,Web,Morning,89,0
26093,6,Same City,POS,Evening,46,0
41824,2,Same City,ATM,Afternoon,15,0
139303,1,Different City,ATM,Morning,23,0
105387,2,Same City,POS,Afternoon,37,0
84132,5,International,Mobile,Evening,37,0
174753,2,Different City,Web,Night,57,0
129901,10,Different City,POS,Night,7,0
189320,9,Same City,Web,Afternoon,88,0
125017,1,Same City,ATM,Evening,105,0
129502,4,Same City,ATM,Morning,49,0
133375,1,International,ATM,Evening,32,0
47181,2,Same City,POS,Night,14,0
172128,1,Different City,ATM,Morning,71,0
34271,10,Same City,Mobile,Evening,7,0
151711,5,Different City,Mobile,Afternoon,31,0
192250,1,Different City,Web,Night,108,0
190641,9,Same City,Mobile,Evening,4,0
75556,1,Different City,Mobile,Morning,54,0
37025,4,Different City,POS,Morning,64,0
59705,7,International,ATM,Night,102,0
138975,8,Different City,POS,Night,64,0
73817,6,Different City,ATM,Morning,8,0
142049,4,International,Web,Evening,20,0
194130,1,International,ATM,Afternoon,38,0
69038,3,International,ATM,Night,78,0
195366,7,International,Mobile,Evening,110,1
87091,3,International,Web,Evening,64,0
143454,10,Same City,Mobile,Evening,63,0
156105,4,Different City,ATM,Night,94,0
64248,4,International,ATM,Night,46,0
122322,3,Same City,ATM,Afternoon,110,0
57031,10,International,Web,Night,107,0
2957,10,Same City,ATM,Evening,35,0
145804,1,Different City,POS,Morning,24,0
88181,6,International,ATM,Morning,55,1
21570,2,Different City,ATM,Afternoon,6,0
82395,5,International,Mobile,Evening,43,0
30724,5,International,POS,Night,72,0
91071,7,Different City,ATM,Evening,14,0
38985,5,International,ATM,Evening,106,0
168604,7,Same City,Web,Evening,10,0
153637,1,International,ATM,Afternoon,26,0
76333,1,Same City,Mobile,Night,42,0
107020,4,Different City,Web,Evening,91,0
107159,9,Same City,Mobile,Morning,32,0
106296,6,Same City,ATM,Afternoon,101,0
40128,10,International,Mobile,Evening,100,0
13959,8,Different City,Mobile,Evening,99,0
65723,10,Different City,Web,Evening,32,0
147305,10,Same City,Web,Night,35,0
12647,8,International,ATM,Afternoon,106,0
106046,4,Same City,Web,Evening,94,0
173710,3,Different City,Web,Morning,28,0
176195,1,Same City,Mobile,Evening,36,0
147142,9,Same City,POS,Morning,95,0
50756,8,International,ATM,Night,75,0
167494,4,International,POS,Morning,65,0
167578,4,Same City,POS,Morning,90,0
45868,1,Same City,POS,Night,41,0
21481,3,Different City,POS,Afternoon,67,0
100484,4,International,ATM,Afternoon,12,0
112616,2,Different City,POS,Evening,113,0
190443,2,Different City,POS,Morning,97,0
97157,3,International,POS,Evening,60,0
147947,1,International,Mobile,Morning,67,0
102881,10,Different City,ATM,Morning,97,0
132689,8,Different City,Web,Morning,75,0
20366,3,International,Mobile,Evening,58,0
166114,5,Same City,Web,Evening,110,0
180083,4,Same City,ATM,Afternoon,111,0
57749,3,Different City,POS,Morning,35,0
103912,6,Same City,Mobile,Evening,108,0
194527,1,Same City,POS,Afternoon,74,0
137384,10,Same City,ATM,Afternoon,102,0
10234,6,Different City,Mobile,Evening,67,0
127054,7,Different City,Mobile,Afternoon,68,0
19315,1,Same City,Mobile,Morning,56,0
161476,1,Same City,Mobile,Afternoon,74,0
44833,8,International,Web,Evening,4,0
198177,5,Different City,POS,Morning,34,0
179390,3,Same City,Mobile,Afternoon,46,0
67277,6,International,Mobile,Afternoon,53,0
190520,4,Different City,Web,Night,78,0
192497,8,Different City,Web,Morning,13,0
168459,6,International,Mobile,Evening,82,1
19722,3,Different City,Web,Evening,62,0
51051,1,International,POS,Afternoon,117,0
141213,8,Same City,Web,Morning,10,0
91438,5,Different City,ATM,Afternoon,93,0
126833,6,Different City,Mobile,Night,77,0
197994,10,Different City,ATM,Morning,71,0
161309,9,Different City,Mobile,Night,40,0
75649,8,Different City,POS,Evening,113,0
107144,8,International,ATM,Evening,14,1
170915,2,International,Web,Night,10,0
94922,9,Same City,ATM,Night,53,0
130347,8,Same City,Web,Evening,69,0
102837,2,International,Web,Afternoon,109,0
100071,4,Same City,Web,Evening,46,0
80599,3,International,Mobile,Afternoon,106,0
90001,9,Different City,POS,Morning,80,0
74935,9,International,Mobile,Afternoon,96,0
8811,7,International,Mobile,Evening,21,0
70681,4,Different City,ATM,Evening,79,0
107865,8,International,POS,Evening,74,1
89171,4,International,ATM,Night,83,0
8668,7,International,ATM,Afternoon,52,0
169603,8,International,ATM,Morning,59,1
12499,10,Different City,POS,Night,37,0
122278,2,Different City,Mobile,Evening,30,0
26190,8,International,POS,Morning,85,0
43918,6,Different City,Web,Afternoon,117,0
1193,8,Different City,ATM,Morning,86,0
150116,9,Same City,Web,Morning,98,0
144274,5,Same City,ATM,Morning,6,0
12303,1,Different City,ATM,Evening,25,0
144642,9,International,Web,Evening,67,1
138445,4,International,Mobile,Night,120,0
190782,9,Same City,Web,Night,51,0
86856,4,International,POS,Morning,7,0
68382,10,Different City,ATM,Evening,11,0
88231,10,International,Web,Night,33,1
40985,10,Same City,Mobile,Morning,117,0
109848,3,International,ATM,Afternoon,6,0
157685,5,International,POS,Afternoon,58,0
144828,6,International,POS,Night,67,1
142206,2,Same City,ATM,Evening,37,0
87749,4,Same City,Mobile,Night,8,0
64905,5,Same City,POS,Evening,70,0
27559,7,International,Web,Night,80,0
17493,1,Different City,Mobile,Afternoon,23,0
181629,2,Same City,Web,Evening,119,0
9256,4,International,Mobile,Evening,11,0
125009,6,International,Mobile,Afternoon,52,1
128401,1,International,POS,Evening,79,0
143492,6,Same City,Web,Evening,86,0
123781,3,Different City,Mobile,Night,4,0
62184,4,Same City,ATM,Afternoon,60,0
71009,8,Same City,Web,Morning,65,0
139094,4,Different City,POS,Evening,24,0
87380,8,Same City,Mobile,Morning,67,0
138387,9,International,Web,Night,105,1
46205,4,Different City,Web,Evening,95,0
151320,3,International,POS,Evening,45,0
146707,8,Same City,ATM,Night,50,0
102021,8,Same City,POS,Night,47,0
84022,10,Same City,Mobile,Afternoon,69,0
108,7,International,ATM,Afternoon,112,0
2302,8,Same City,POS,Evening,28,0
119949,5,International,Web,Night,111,0
100082,1,Different City,Mobile,Afternoon,71,0
3137,5,International,Mobile,Afternoon,119,0
69544,4,International,Web,Evening,51,0
2788,9,Different City,ATM,Night,107,0
182109,2,International,Web,Night,112,0
159301,9,International,Web,Night,116,1
101681,5,Same City,POS,Night,105,0
143734,3,Different City,Web,Morning,120,0
169583,4,International,Mobile,Night,48,0
48240,10,International,Mobile,Night,100,0
96306,2,Same City,Web,Afternoon,94,0
191890,3,Same City,Mobile,Night,52,0
136752,7,International,Web,Morning,106,1
127883,5,Different City,Mobile,Night,8,0
849,1,Same City,Mobile,Evening,7,0
125122,7,Different City,Web,Morning,101,0
101323,1,International,Web,Afternoon,61,0
174615,7,Same City,POS,Evening,95,0
50596,3,Same City,Mobile,Night,47,0
108365,7,International,Mobile,Morning,111,1
186112,5,Different City,Mobile,Morning,30,0
190819,8,Different City,ATM,Night,56,0
51059,7,Same City,ATM,Afternoon,16,0
33330,4,Same City,Mobile,Night,8,0
121722,1,International,Web,Night,84,0
166402,4,Same City,Web,Evening,118,0
192036,9,Same City,ATM,Evening,75,0
110119,7,Same City,Mobile,Night,120,0
58034,1,Different City,Web,Night,64,0
114644,1,Different City,ATM,Morning,12,0
178309,8,International,Mobile,Afternoon,38,1
2481,5,International,Mobile,Morning,57,0
12962,8,Same City,Mobile,Evening,24,0
87017,4,Different City,Web,Morning,15,0
68779,7,Same City,Web,Morning,11,0
191970,8,International,POS,Night,66,1
101909,10,Same City,Web,Morning,43,0
197930,10,Different City,Mobile,Afternoon,113,0
139295,2,Same City,Mobile,Afternoon,60,0
56247,8,Same City,POS,Evening,101,0
9811,2,Same City,POS,Night,110,0
40551,6,International,Web,Morning,104,0
56719,5,International,Web,Morning,51,0
54167,7,Same City,ATM,Night,99,0
15353,1,Different City,Web,Evening,109,0
108265,3,Same City,POS,Evening,120,0
186565,9,International,Mobile,Morning,33,1
199282,9,International,Web,Afternoon,76,1
13857,2,Same City,ATM,Morning,109,0
102230,3,Different City,Web,Morning,18,0
22245,1,Same City,ATM,Night,24,0
128777,4,Different City,Mobile,Evening,41,0
171118,1,Different City,Mobile,Afternoon,93,0
30646,6,International,Web,Night,80,0
156222,1,International,Mobile,Afternoon,81,0
15465,10,International,POS,Morning,120,0
45275,6,Same City,ATM,Evening,30,0
157015,8,Different City,Mobile,Night,51,0
61466,7,Different City,Web,Evening,32,0
129475,9,Different City,Web,Afternoon,44,0
199225,1,Different City,ATM,Morning,63,0
104682,10,Different City,ATM,Evening,70,0
107304,5,Different City,Mobile,Night,19,0
117670,6,Different City,ATM,Night,106,0
146334,5,International,Web,Morning,29,0
152454,4,Same City,POS,Morning,74,0
100698,4,Same City,Web,Night,93,0
40829,3,International,Web,Evening,87,0
120745,6,Different City,POS,Afternoon,46,0
39115,8,International,Mobile,Night,49,0
194738,5,Same City,Mobile,Evening,115,0
124911,3,Same City,Web,Evening,77,0
163169,10,International,POS,Evening,23,1
189293,10,Different City,Web,Evening,57,0
194936,2,Same City,Web,Afternoon,43,0
27540,6,Different City,POS,Evening,45,0
58668,5,Same City,Mobile,Afternoon,112,0
25683,9,Same City,POS,Evening,15,0
149967,10,Same City,Web,Afternoon,29,0
788,4,Different City,POS,Afternoon,79,0
111170,1,Same City,Mobile,Afternoon,40,0
8366,10,Same City,Mobile,Morning,40,0
42427,2,Different City,Web,Morning,114,0
19426,2,Same City,POS,Night,92,0
186731,7,Different City,POS,Night,65,0
118786,9,Same City,ATM,Night,116,0
189367,5,Same City,Web,Night,19,0
28479,5,Different City,POS,Evening,115,0
44257,7,Different City,Mobile,Morning,32,0
52571,7,Different City,Web,Night,84,0
27662,5,Same City,Web,Evening,26,0
151867,2,International,Web,Afternoon,31,0
137780,3,Same City,ATM,Evening,36,0
106211,8,International,ATM,Evening,103,1
46589,2,Different City,Mobile,Evening,65,0
4456,4,Different City,Web,Afternoon,72,0
159422,9,Same City,Web,Afternoon,41,0
97785,8,Different City,POS,Evening,78,0
180936,2,Same City,ATM,Morning,119,0
40040,2,Same City,Mobile,Evening,17,0
192951,7,Same City,ATM,Night,14,0
97576,2,Same City,Web,Night,107,0
119909,4,Same City,Web,Night,20,0
60739,4,Same City,POS,Morning,111,0
41943,1,International,POS,Afternoon,55,0
185154,9,International,Web,Morning,11,1
90076,9,Different City,ATM,Morning,3,0
106098,2,Different City,POS,Evening,84,0
131414,1,International,ATM,Night,5,0
49710,1,Same City,Web,Evening,5,0
62764,6,Same City,Mobile,Evening,28,0
97195,10,Different City,Mobile,Afternoon,98,0
68099,8,Different City,Web,Morning,26,0
165546,1,Different City,POS,Morning,112,0
136946,1,Different City,Web,Afternoon,11,0
62016,6,International,Web,Afternoon,43,0
140860,2,International,POS,Morning,51,0
34957,1,Different City,Mobile,Afternoon,70,0
49385,10,International,Web,Evening,85,0
61428,8,Same City,POS,Evening,52,0
104657,7,Different City,Mobile,Evening,62,0
17763,3,International,ATM,Night,12,0
97974,6,International,Web,Afternoon,13,1
53019,8,Same City,ATM,Evening,85,0
191670,1,Different City,ATM,Evening,67,0
181888,1,Same City,Web,Night,87,0
7602,3,Different City,Web,Night,100,0
182313,7,Same City,Web,Evening,104,0
90605,8,Different City,ATM,Morning,35,0
190047,7,Same City,ATM,Afternoon,63,0
81185,10,Different City,Web,Night,77,0
48409,8,International,Web,Night,43,0
183579,1,Same City,Web,Morning,39,0
61698,3,Different City,Web,Evening,7,0
52911,3,Different City,POS,Morning,52,0
186414,7,International,Web,Evening,37,1
187455,7,International,Web,Night,65,1
103188,9,Same City,Web,Afternoon,9,0
40377,2,Same City,Web,Night,34,0
104931,4,Same City,Web,Morning,68,0
50641,4,International,Mobile,Night,90,0
79655,7,Different City,ATM,Morning,13,0
107976,8,Different City,POS,Evening,106,0
43264,8,International,Web,Afternoon,86,0
41573,5,Different City,ATM,Evening,88,0
3735,6,Same City,Web,Afternoon,119,0
156143,7,International,ATM,Night,107,1
83025,3,Same City,POS,Evening,80,0
170297,7,International,Mobile,Evening,50,1
40876,5,Same City,ATM,Afternoon,58,0
79629,4,International,Mobile,Morning,6,0
50233,5,Same City,Web,Night,41,0
152213,4,International,Mobile,Evening,30,0
88165,1,Same City,POS,Evening,83,0
157803,9,Same City,Mobile,Night,26,0
64909,6,Different City,POS,Night,7,0
61674,5,Different City,Web,Afternoon,78,0
157511,8,Same City,Web,Afternoon,105,0
87247,7,Same City,ATM,Night,71,0
192906,6,Same City,Web,Night,98,0
183914,4,Same City,Web,Evening,68,0
26210,4,International,Web,Afternoon,102,0
20739,9,Same City,Mobile,Afternoon,113,0
69289,7,International,Mobile,Evening,85,0
123785,10,International,Mobile,Afternoon,104,1
90794,5,Same City,ATM,Night,39,0
62412,2,Same City,Mobile,Afternoon,96,0
54489,10,Same City,Web,Evening,89,0
77128,7,Different City,Mobile,Afternoon,85,0
124441,10,Different City,ATM,Morning,31,0
98106,7,Different City,Mobile,Afternoon,42,0
107745,4,Same City,Mobile,Evening,95,0
12816,2,Same City,Web,Morning,41,0
21017,2,International,Web,Evening,37,0
91345,6,International,Web,Night,95,1
175632,7,Different City,ATM,Evening,93,0
112341,5,Same City,ATM,Night,67,0
74038,1,International,POS,Morning,97,0
95615,9,International,Web,Night,53,1
35428,1,Same City,POS,Afternoon,115,0
117130,4,Same City,POS,Afternoon,37,0
56840,1,International,Mobile,Evening,79,0
157864,3,Different City,POS,Morning,16,0
134543,8,International,Web,Night,80,1
199847,8,Different City,Mobile,Morning,116,0
71253,1,Different City,Web,Afternoon,24,0
145475,10,Different City,POS,Evening,103,0
63747,6,Same City,ATM,Night,74,0
81610,8,International,POS,Afternoon,84,1
146662,6,International,ATM,Afternoon,120,1
188140,9,Same City,Web,Evening,38,0
17711,10,Same City,Mobile,Evening,1,0
9039,9,Different City,POS,Evening,105,0
32810,3,International,Web,Morning,11,0
13753,5,International,ATM,Evening,41,0
197965,6,International,Web,Morning,102,1
56072,2,Same City,Web,Afternoon,113,0
114484,8,International,Mobile,Morning,89,1
71356,1,International,Web,Night,22,0
108870,6,Same City,Mobile,Morning,28,0
122869,5,International,ATM,Evening,80,0
50660,1,Same City,Web,Afternoon,53,0
70918,7,International,Web,Night,25,0
110806,5,International,Mobile,Morning,4,0
43609,3,Same City,Mobile,Morning,94,0
145052,6,Different City,Mobile,Evening,98,0
111873,9,International,ATM,Evening,33,1
119371,3,Same City,ATM,Morning,114,0
57990,1,International,POS,Morning,59,0
176880,3,Same City,Mobile,Morning,103,0
193370,5,Same City,ATM,Afternoon,27,0
182323,6,Same City,ATM,Morning,78,0
61833,3,Same City,Web,Afternoon,27,0
25214,9,Same City,POS,Night,83,0
135866,6,Same City,Web,Morning,105,0
87279,3,Same City,POS,Morning,37,0
17059,5,Same City,Mobile,Morning,19,0
146875,8,International,ATM,Morning,46,1
79734,1,Different City,Web,Afternoon,46,0
148553,1,Same City,ATM,Morning,56,0
64473,2,Same City,Web,Evening,94,0
111389,7,International,POS,Afternoon,3,1
199088,10,Different City,Web,Evening,78,0
21742,4,Same City,ATM,Night,43,0
111381,4,Different City,POS,Night,41,0
124713,5,Different City,Mobile,Morning,103,0
8401,5,Same City,ATM,Evening,36,0
144663,7,International,POS,Afternoon,82,1
96324,6,International,Web,Evening,55,1
87880,3,International,ATM,Evening,88,0
148247,7,Same City,Mobile,Morning,20,0
66034,10,Same City,Mobile,Morning,51,0
194823,7,International,POS,Afternoon,43,1
87364,8,International,Web,Evening,20,1
143894,8,International,Mobile,Evening,23,1
190519,7,Different City,POS,Night,7,0
116188,9,Same City,Mobile,Morning,69,0
31147,4,Different City,Web,Evening,92,0
3113,9,Different City,POS,Evening,40,0
158601,9,International,Web,Evening,74,1
47065,5,Same City,POS,Night,13,0
91604,5,Same City,Web,Night,7,0
101642,5,Different City,ATM,Evening,13,0
185416,4,International,Mobile,Afternoon,22,0
27292,10,International,POS,Morning,86,0
147136,9,Different City,Web,Night,49,0
142693,8,Same City,Mobile,Afternoon,59,0
188023,9,Same City,Web,Afternoon,118,0
134903,3,International,ATM,Night,55,0
170184,2,International,ATM,Afternoon,70,0
130780,9,Different City,Mobile,Morning,38,0
70583,3,Different City,POS,Night,56,0
58574,8,Same City,Mobile,Evening,76,0
60364,7,International,Mobile,Morning,111,0
50364,10,International,POS,Afternoon,40,0
7124,1,Different City,Mobile,Afternoon,103,0
175752,7,International,Web,Afternoon,74,1
160029,3,Different City,Mobile,Night,118,0
153176,8,International,ATM,Morning,66,1
182717,4,International,Web,Afternoon,74,0
31020,7,International,ATM,Night,92,0
128643,5,International,ATM,Afternoon,65,0
71528,6,Same City,ATM,Afternoon,71,0
193492,6,Different City,Mobile,Afternoon,54,0
72823,1,International,Web,Morning,22,0
73376,6,International,POS,Afternoon,98,0
104830,8,Different City,Web,Evening,113,0
152196,4,International,Web,Afternoon,74,0
53879,6,International,Mobile,Evening,27,0
139481,7,International,ATM,Night,111,1
129035,7,International,ATM,Evening,82,1
22020,5,Same City,Web,Morning,52,0
35215,3,Different City,Mobile,Night,34,0
22996,8,Same City,ATM,Evening,48,0
92073,4,International,Mobile,Afternoon,95,0
180844,2,International,Web,Afternoon,55,0
2335,3,International,Mobile,Afternoon,105,0
34219,2,International,POS,Evening,79,0
191064,4,Different City,ATM,Night,77,0
33254,9,Different City,Web,Night,70,0
125630,2,International,ATM,Afternoon,100,0
84264,3,Different City,Web,Evening,94,0
130884,3,Different City,POS,Morning,72,0
142422,1,Different City,ATM,Night,71,0
192399,8,Same City,Mobile,Afternoon,62,0
163131,2,Same City,ATM,Afternoon,52,0
137429,5,Same City,ATM,Night,28,0
154757,3,Same City,ATM,Afternoon,114,0
181242,8,Different City,ATM,Night,91,0
19925,5,International,Mobile,Evening,33,0
52851,10,Same City,Mobile,Afternoon,5,0
36184,10,International,POS,Evening,35,0
161538,4,Same City,ATM,Morning,80,0
116266,6,Same City,POS,Night,111,0
70967,7,International,Mobile,Night,69,0
22460,9,Different City,Web,Evening,74,0
85455,5,Same City,POS,Evening,24,0
153285,4,Same City,ATM,Morning,119,0
74572,2,Different City,Web,Morning,68,0
65814,9,International,POS,Night,50,0
18889,6,Different City,ATM,Morning,62,0
190449,9,Same City,POS,Afternoon,95,0
154623,7,International,Mobile,Morning,119,1
71878,8,International,ATM,Night,50,0
134405,3,Different City,Web,Afternoon,109,0
192271,3,International,ATM,Afternoon,40,0
166715,5,Same City,Web,Afternoon,53,0
147003,6,Different City,ATM,Night,102,0
73947,6,Different City,Web,Evening,21,0
111335,3,Different City,Web,Night,59,0
150357,6,International,Web,Afternoon,67,1
164782,7,International,Mobile,Morning,7,1
38617,7,International,POS,Morning,90,0
156059,6,Different City,POS,Morning,68,0
13254,9,Same City,Mobile,Night,53,0
156697,4,International,POS,Morning,12,0
194274,2,Same City,POS,Afternoon,9,0
74336,6,Same City,Mobile,Night,78,0
167458,7,International,Mobile,Morning,1,1
76215,5,Same City,Mobile,Afternoon,27,0
54100,6,Different City,POS,Evening,94,0
104593,4,Different City,Mobile,Evening,12,0
101821,7,International,POS,Night,2,1
36431,10,Same City,Web,Morning,66,0
62593,7,International,ATM,Afternoon,114,0
89596,10,Same City,POS,Evening,84,0
139445,7,Same City,POS,Night,99,0
109146,9,Same City,Web,Morning,7,0
22020,5,Different City,Web,Afternoon,91,0
133159,8,International,POS,Night,101,1
76894,4,International,ATM,Afternoon,36,0
160192,10,Same City,ATM,Evening,110,0
70840,4,International,Mobile,Evening,36,0
84822,8,Same City,Web,Afternoon,20,0
73622,8,International,Mobile,Afternoon,46,0
167488,1,International,ATM,Night,37,0
182873,2,Different City,ATM,Afternoon,72,0
92374,6,International,POS,Morning,114,1
140040,6,International,ATM,Evening,16,1
71402,5,International,Web,Afternoon,82,0
104788,1,Different City,ATM,Evening,19,0
88114,2,International,Mobile,Evening,23,0
144122,1,International,Web,Evening,45,0
17997,5,International,ATM,Night,16,0
182385,1,Different City,Mobile,Night,55,0
123996,1,International,Web,Evening,91,0
10642,9,International,POS,Afternoon,38,0
64106,6,International,Mobile,Afternoon,113,0
139306,4,Different City,Web,Night,34,0
128401,7,Different City,ATM,Afternoon,1,0
9533,7,Different City,POS,Night,75,0
124897,3,International,Web,Afternoon,99,0
76301,3,International,ATM,Evening,66,0
135735,2,Same City,ATM,Morning,103,0
21309,9,Different City,Web,Afternoon,107,0
52241,7,Same City,ATM,Morning,91,0
14153,5,Different City,ATM,Evening,3,0
118004,6,International,ATM,Afternoon,109,1
1520,5,Same City,POS,Evening,103,0
75021,9,International,POS,Evening,9,0
168587,1,International,ATM,Evening,59,0
174925,9,Different City,Mobile,Morning,77,0
119416,7,Different City,Web,Evening,71,0
116162,6,Same City,POS,Afternoon,63,0
35490,5,Different City,Web,Afternoon,54,0
134432,9,International,POS,Evening,54,1
72068,10,International,Web,Afternoon,58,0
77016,5,Different City,Mobile,Night,44,0
39773,1,Different City,Web,Afternoon,86,0
157173,3,Different City,Mobile,Morning,67,0
28064,10,International,POS,Morning,37,0
134221,3,Different City,ATM,Afternoon,45,0
106840,7,Different City,ATM,Evening,29,0
83546,3,Same City,Mobile,Morning,10,0
106840,6,Same City,POS,Night,78,0
109980,3,Same City,POS,Morning,112,0
134169,4,International,ATM,Night,45,0
105746,8,Same City,Web,Evening,18,0
123345,1,International,ATM,Night,12,0
137696,3,International,POS,Afternoon,106,0
193294,3,International,ATM,Evening,40,0
153527,1,International,Web,Evening,108,0
74380,8,International,POS,Evening,5,0
48750,4,Same City,Web,Evening,92,0
195885,6,Same City,ATM,Night,8,0
131393,3,Different City,ATM,Morning,117,0
194339,3,Different City,POS,Morning,46,0
170959,5,Different City,Web,Afternoon,60,0
28720,1,International,ATM,Afternoon,97,0
164516,2,Same City,POS,Evening,106,0
118056,4,Different City,POS,Evening,54,0
138351,5,Different City,POS,Morning,56,0
8465,6,Different City,POS,Night,111,0
131619,7,Different City,ATM,Evening,61,0
54741,5,Same City,POS,Evening,79,0
63378,1,International,ATM,Morning,11,0
195894,3,Different City,Mobile,Night,8,0
20322,5,International,POS,Night,20,0
40463,9,Same City,Web,Afternoon,107,0
139927,1,Same City,POS,Afternoon,11,0
187087,1,International,POS,Evening,9,0
189260,4,International,Mobile,Evening,83,0
61430,7,Same City,ATM,Morning,94,0
184529,7,International,Mobile,Evening,66,1
95266,8,Different City,ATM,Afternoon,69,0
148832,4,Same City,ATM,Afternoon,58,0
38826,3,International,Mobile,Night,93,0
154783,10,International,POS,Afternoon,112,1
19010,5,Different City,POS,Afternoon,20,0
171186,10,International,Mobile,Morning,83,1
67640,6,Different City,Web,Afternoon,60,0
1699,2,Different City,Mobile,Afternoon,111,0
171960,1,International,ATM,Afternoon,3,0
101185,6,International,Web,Night,69,1
161752,6,Different City,Web,Evening,56,0
52419,7,Same City,POS,Night,75,0
21500,4,Same City,Mobile,Evening,109,0
165676,4,Same City,ATM,Afternoon,49,0
183229,5,Same City,Mobile,Night,84,0
161701,1,International,ATM,Morning,11,0
196965,9,International,Web,Evening,61,1
8536,5,International,Mobile,Afternoon,51,0
145129,6,Same City,Mobile,Morning,99,0
115287,10,Different City,Web,Morning,10,0
85287,6,Different City,Mobile,Evening,37,0
58922,1,Different City,Web,Night,42,0
138607,2,International,Mobile,Evening,73,0
36348,5,Different City,ATM,Evening,99,0
9709,6,International,POS,Afternoon,33,0
64423,1,International,Mobile,Morning,84,0
178318,7,Different City,Mobile,Afternoon,42,0
118432,6,International,Mobile,Evening,119,1
178505,5,Different City,POS,Evening,35,0
138940,7,Different City,POS,Morning,28,0
56560,8,International,Mobile,Night,14,0
82736,4,Different City,ATM,Evening,10,0
108380,6,Same City,POS,Evening,47,0
142288,8,International,Mobile,Night,40,1
39449,3,Same City,Mobile,Morning,36,0
78040,5,International,ATM,Evening,39,0
3844,2,International,Mobile,Afternoon,73,0
82211,8,Different City,ATM,Morning,92,0
24202,3,Same City,Web,Night,43,0
131736,9,Different City,ATM,Night,84,0
96017,9,International,Web,Afternoon,3,1
27395,4,Different City,Mobile,Afternoon,35,0
142547,9,Different City,Web,Afternoon,26,0
80974,5,Different City,Mobile,Night,13,0
190949,7,International,Web,Afternoon,112,1
66922,5,International,ATM,Afternoon,35,0
94823,6,Different City,ATM,Morning,98,0
185166,4,International,Mobile,Morning,37,0
154932,10,Same City,Mobile,Morning,11,0
150894,7,Different City,ATM,Evening,48,0
32244,6,International,ATM,Afternoon,11,0
142384,2,Same City,ATM,Night,68,0
188361,3,Same City,POS,Morning,20,0
128009,3,International,POS,Night,31,0
72235,6,Different City,POS,Night,69,0
132598,6,International,Mobile,Night,1,1
160741,5,Different City,Mobile,Morning,37,0
149036,5,International,POS,Evening,106,0
147714,2,Different City,Mobile,Evening,94,0
96325,7,International,ATM,Evening,10,1
72855,10,International,ATM,Night,1,0
17756,7,International,Web,Evening,39,0
193213,2,Same City,Web,Afternoon,111,0
25906,4,Same City,Web,Morning,55,0
19730,1,Different City,ATM,Night,49,0
42546,1,Different City,ATM,Evening,49,0
14245,4,International,Mobile,Morning,95,0
176663,6,Same City,POS,Morning,57,0
43123,2,Different City,ATM,Afternoon,36,0
77734,10,Same City,Web,Afternoon,60,0
137657,7,Same City,Mobile,Afternoon,75,0
133000,3,Same City,Web,Night,49,0
129224,8,Different City,POS,Afternoon,58,0
150067,7,International,Mobile,Morning,100,1
133611,4,International,POS,Evening,16,0
101465,3,Same City,POS,Night,56,0
114003,10,Different City,POS,Morning,77,0
112607,7,International,ATM,Night,101,1
148204,4,Different City,ATM,Morning,85,0
85782,6,Same City,Mobile,Night,90,0
20169,2,Different City,Web,Evening,34,0
104663,2,International,Web,Night,97,0
943,8,Different City,POS,Night,113,0
5952,9,International,Mobile,Afternoon,34,0
116077,8,International,POS,Night,14,1
164539,8,Same City,Web,Evening,94,0
33523,8,International,Mobile,Evening,61,0
57417,4,Same City,ATM,Morning,94,0
10407,9,Different City,Mobile,Night,91,0
43589,5,International,ATM,Night,85,0
86498,3,Same City,Mobile,Night,98,0
168606,3,International,Web,Afternoon,117,0
2350,2,Same City,ATM,Morning,8,0
38511,3,Same City,ATM,Night,42,0
93909,8,Same City,Web,Morning,114,0
35676,1,Different City,ATM,Afternoon,78,0
32542,3,Different City,POS,Afternoon,18,0
167101,7,Same City,POS,Evening,52,0
76280,2,Same City,Web,Morning,86,0
66375,4,Same City,Mobile,Morning,65,0
83941,9,Different City,ATM,Night,100,0
32450,4,International,ATM,Night,72,0
14918,10,Same City,ATM,Afternoon,15,0
100366,4,International,Web,Evening,10,0
74466,9,International,Web,Morning,52,0
82617,10,Different City,Web,Night,114,0
138606,3,Same City,Web,Morning,115,0
173446,5,Same City,Mobile,Morning,82,0
29707,9,Different City,Mobile,Evening,52,0
173143,5,Same City,POS,Afternoon,18,0
7244,2,International,ATM,Night,114,0
81121,9,International,POS,Afternoon,82,1
178125,7,International,Mobile,Night,85,1
18313,6,Same City,POS,Afternoon,32,0
29409,5,Different City,Web,Morning,109,0
57164,2,Same City,Mobile,Night,91,0
77907,3,International,Mobile,Night,120,0
47780,6,Different City,Mobile,Evening,38,0
154777,9,International,Mobile,Evening,74,1
135133,5,Different City,POS,Morning,102,0
11270,7,Different City,POS,Morning,16,0
52208,2,Same City,Web,Evening,21,0
51585,2,Different City,POS,Morning,62,0
152589,3,Same City,POS,Evening,71,0
49018,1,Different City,POS,Evening,51,0
43553,10,International,ATM,Afternoon,95,0
34532,3,Same City,POS,Morning,114,0
179368,10,International,Mobile,Morning,22,1
86773,1,Different City,Web,Morning,19,0
148862,1,International,Web,Evening,73,0
146490,5,International,Mobile,Morning,53,0
3095,6,International,Mobile,Afternoon,1,0
187382,1,International,Web,Afternoon,88,0
56236,9,Same City,POS,Morning,35,0
126319,6,Different City,Web,Morning,81,0
136002,7,Same City,Mobile,Night,74,0
182187,2,International,ATM,Evening,63,0
92234,5,Different City,Mobile,Night,75,0
145152,5,International,Web,Morning,101,0
137912,3,Same City,Web,Morning,16,0
42922,8,Different City,Mobile,Night,72,0
168553,4,International,ATM,Night,16,0
100259,4,International,Mobile,Evening,56,0
72349,3,Same City,POS,Night,21,0
146192,5,Same City,Mobile,Afternoon,34,0
14258,9,International,Web,Morning,45,0
199495,5,Different City,POS,Afternoon,58,0
161065,4,Different City,POS,Afternoon,27,0
154424,2,Same City,Web,Afternoon,99,0
148362,7,International,Mobile,Morning,46,1
145868,3,International,POS,Evening,95,0
183502,8,International,ATM,Night,46,1
110981,1,International,Web,Night,12,0
80677,1,Different City,ATM,Morning,47,0
158480,3,Different City,Mobile,Night,14,0
51700,7,Same City,Web,Evening,59,0
5724,5,Different City,ATM,Night,33,0
53312,8,Different City,Mobile,Night,79,0
183494,1,International,Web,Afternoon,66,0
121147,7,International,Mobile,Night,76,1
108786,2,Same City,ATM,Evening,90,0
115874,4,Different City,Mobile,Afternoon,66,0
130794,3,International,ATM,Afternoon,85,0
17559,3,Different City,Web,Night,109,0
99783,10,Different City,POS,Afternoon,105,0
49873,7,Different City,POS,Evening,119,0
162714,1,International,Web,Afternoon,2,0
36501,4,Same City,ATM,Night,68,0
148193,1,International,POS,Afternoon,74,0
159808,2,Different City,Mobile,Night,34,0
132619,3,International,POS,Evening,4,0
43334,1,International,Web,Night,42,0
141542,1,International,Mobile,Morning,94,0
31479,9,International,Mobile,Afternoon,61,0
23813,1,Same City,POS,Night,46,0
48717,7,Different City,Web,Night,77,0
43107,5,International,ATM,Evening,61,0
117776,3,International,POS,Evening,44,0
99772,2,Same City,Mobile,Evening,14,0
185470,9,Same City,Mobile,Afternoon,69,0
51137,8,International,Mobile,Afternoon,118,0
130665,10,Same City,Mobile,Morning,111,0
84317,10,Different City,Mobile,Night,117,0
105802,3,International,ATM,Morning,50,0
165422,3,Different City,Mobile,Afternoon,23,0
20584,6,Different City,Web,Afternoon,62,0
51597,7,Different City,Mobile,Afternoon,25,0
131707,9,Different City,Mobile,Night,32,0
95789,4,Same City,POS,Morning,59,0
171642,5,International,POS,Afternoon,15,0
184595,6,International,ATM,Night,39,1
167819,2,International,Mobile,Morning,106,0
131355,4,International,ATM,Night,70,0
42019,5,International,POS,Night,106,0
44950,9,Same City,Mobile,Afternoon,17,0
21667,9,Different City,ATM,Evening,30,0
62353,3,International,POS,Night,104,0
150112,1,Different City,Web,Morning,117,0
5000,5,International,POS,Night,50,0
130256,2,International,Web,Afternoon,2,0
79272,4,International,Mobile,Night,8,0
121415,10,International,ATM,Night,18,1
26700,3,Different City,Web,Night,17,0
63601,3,Same City,Mobile,Night,85,0
148605,4,Same City,POS,Morning,52,0
164063,9,International,Mobile,Morning,66,1
53919,7,International,ATM,Afternoon,51,0
138069,2,Same City,Mobile,Afternoon,32,0
141931,5,International,ATM,Night,58,0
24580,6,Different City,Web,Morning,73,0
155122,6,Same City,ATM,Night,85,0
101455,3,Same City,POS,Morning,80,0
133891,7,Different City,ATM,Afternoon,75,0
103922,3,Different City,ATM,Morning,50,0
72394,10,Same City,Web,Morning,48,0
14417,9,Different City,POS,Morning,36,0
141423,5,International,Mobile,Night,11,0
96122,9,Same City,ATM,Morning,17,0
126362,1,International,Web,Night,91,0
58651,5,International,Mobile,Evening,111,0
156462,2,Same City,ATM,Afternoon,107,0
57175,3,International,POS,Afternoon,6,0
190205,4,Different City,POS,Morning,57,0
191209,4,Same City,ATM,Night,63,0
74480,1,Different City,Web,Afternoon,99,0
113919,1,International,POS,Night,47,0
104769,9,Different City,ATM,Afternoon,90,0
113122,9,Same City,POS,Evening,76,0
85919,8,Same City,POS,Afternoon,35,0
109096,2,Different City,Web,Afternoon,111,0
31744,8,Same City,ATM,Afternoon,83,0
195174,5,Different City,POS,Morning,6,0
61772,2,Different City,POS,Evening,26,0
49317,6,Different City,Mobile,Evening,107,0
13425,3,Same City,ATM,Evening,41,0
42147,1,Same City,Mobile,Night,120,0
70146,9,Same City,ATM,Morning,103,0
4183,5,International,ATM,Morning,61,0
49629,10,Different City,POS,Evening,47,0
115257,10,Different City,ATM,Night,65,0
119127,10,Same City,Mobile,Evening,96,0
184264,2,Same City,Web,Afternoon,26,0
168666,3,Same City,ATM,Morning,10,0
16265,9,International,ATM,Night,94,0
97926,5,Different City,ATM,Evening,89,0
4583,2,International,Mobile,Night,30,0
85411,8,Same City,POS,Morning,113,0
180902,8,Different City,Web,Morning,104,0
163647,7,Same City,ATM,Evening,19,0
134793,9,Different City,Web,Afternoon,106,0
48172,7,Different City,Web,Afternoon,102,0
63831,8,Different City,POS,Night,13,0
60667,3,Same City,ATM,Morning,47,0
12544,1,International,ATM,Afternoon,38,0
65776,6,Different City,POS,Evening,47,0
125456,6,International,Web,Night,73,1
38917,10,International,Web,Evening,38,0
173744,9,Different City,POS,Afternoon,3,0
62865,8,Different City,Web,Morning,70,0
100605,5,International,ATM,Evening,103,0
6209,3,Different City,POS,Night,72,0
179550,5,Same City,Web,Morning,100,0
90989,9,Same City,ATM,Evening,22,0
36622,3,Different City,Mobile,Night,79,0
50022,6,Same City,ATM,Morning,75,0
55606,5,Different City,Web,Morning,49,0
118688,3,Different City,Web,Evening,63,0
66527,2,International,Mobile,Evening,107,0
4994,9,Different City,Web,Afternoon,116,0
146500,10,Different City,ATM,Morning,62,0
8171,3,International,ATM,Morning,67,0
90426,4,International,Web,Afternoon,111,0
113271,2,Same City,Web,Evening,108,0
174837,1,Different City,POS,Afternoon,48,0
64801,5,Different City,Mobile,Evening,28,0
110377,8,Different City,Mobile,Evening,102,0
63347,9,International,POS,Evening,61,0
157812,3,Same City,Mobile,Morning,59,0
191781,3,Different City,ATM,Night,89,0
93043,7,International,POS,Afternoon,62,1
82613,8,Different City,Mobile,Morning,24,0
101259,2,Different City,POS,Morning,107,0
76795,6,Same City,Web,Morning,33,0
84353,3,Same City,Mobile,Afternoon,52,0
50581,2,Same City,POS,Night,80,0
95303,10,Same City,Web,Evening,119,0
35098,2,Same City,POS,Morning,109,0
191367,9,Same City,Web,Evening,81,0
9047,9,International,Mobile,Night,8,0
11968,3,Same City,Web,Evening,56,0
17892,9,Different City,Mobile,Evening,36,0
171762,8,Same City,POS,Morning,61,0
64903,2,Same City,Mobile,Night,113,0
72162,1,International,POS,Afternoon,25,0
37660,9,International,ATM,Evening,106,0
134783,3,Same City,Web,Morning,7,0
27021,8,Same City,ATM,Night,86,0
127909,10,International,ATM,Afternoon,43,1
144761,3,Different City,Mobile,Evening,20,0
74936,2,Different City,ATM,Night,28,0
6962,10,Different City,Mobile,Night,113,0
4685,7,Different City,POS,Night,48,0
26531,3,Different City,Mobile,Afternoon,44,0
43052,1,Same City,Mobile,Afternoon,38,0
69331,3,International,ATM,Morning,38,0
77959,3,Same City,ATM,Morning,107,0
138808,2,Different City,Mobile,Night,42,0
67045,3,International,ATM,Afternoon,46,0
168990,8,Same City,POS,Morning,49,0
9689,9,International,Mobile,Night,102,0
58811,4,Different City,Mobile,Night,103,0
28007,8,Same City,ATM,Evening,36,0
150131,5,International,POS,Night,90,0
67385,10,Different City,Mobile,Afternoon,46,0
57450,9,Same City,Web,Evening,36,0
71357,10,Same City,ATM,Morning,51,0
185498,6,International,Mobile,Night,59,1
88241,3,International,POS,Evening,109,0
93428,4,International,Web,Night,78,0
5046,4,Same City,POS,Evening,113,0
1374,6,International,Web,Morning,110,0
127808,2,Different City,Mobile,Morning,27,0
121366,4,Same City,POS,Morning,113,0
4544,8,Same City,Web,Morning,17,0
29678,9,Different City,Mobile,Evening,111,0
197938,4,International,ATM,Evening,109,0
98341,2,International,Web,Night,71,0
87231,8,Different City,Mobile,Night,30,0
31655,8,Same City,ATM,Morning,56,0
176205,7,International,ATM,Evening,17,1
190215,2,International,Web,Morning,102,0
21797,1,Same City,Mobile,Afternoon,2,0
87965,9,Different City,POS,Afternoon,72,0
127078,7,Different City,POS,Afternoon,33,0
18544,3,Same City,POS,Afternoon,12,0
177263,7,Different City,ATM,Evening,24,0
19711,9,Different City,POS,Night,69,0
3023,4,Different City,Web,Afternoon,75,0
142949,7,Same City,POS,Morning,10,0
85126,3,Same City,Mobile,Morning,81,0
3667,9,Different City,Mobile,Evening,25,0
192094,3,Different City,Mobile,Evening,15,0
12648,7,International,POS,Afternoon,3,0
33426,5,International,Web,Evening,48,0
138771,9,Different City,POS,Night,30,0
122477,7,International,ATM,Afternoon,14,1
125908,4,Same City,ATM,Evening,113,0
179818,7,International,POS,Evening,78,1
143286,1,Different City,Mobile,Night,37,0
42936,6,Different City,Mobile,Afternoon,3,0
170515,9,Same City,Mobile,Evening,117,0
84653,1,Same City,Web,Afternoon,8,0
104671,5,Different City,POS,Morning,31,0
19396,10,Different City,Web,Afternoon,59,0
10033,6,International,POS,Night,120,0
145314,6,Different City,Web,Morning,2,0
136755,3,Different City,Web,Evening,70,0
41384,5,Different City,Web,Evening,97,0
38516,6,International,Web,Evening,103,0
199322,7,Same City,Web,Afternoon,99,0
39465,9,Same City,POS,Morning,54,0
36377,1,Same City,POS,Evening,89,0
35551,8,Different City,Mobile,Afternoon,100,0
126907,1,Different City,POS,Night,17,0
110412,2,Different City,ATM,Evening,21,0
12116,2,International,Mobile,Evening,93,0
67308,8,Different City,Mobile,Night,105,0
92728,2,International,Web,Evening,22,0
175455,4,Same City,Mobile,Evening,39,0
109149,8,Different City,ATM,Night,95,0
190922,2,Different City,Mobile,Morning,62,0
69860,6,International,POS,Afternoon,54,0
67851,5,Same City,Web,Morning,60,0
191587,1,Same City,Web,Night,66,0
160894,8,International,Mobile,Afternoon,59,1
63234,5,Different City,ATM,Afternoon,68,0
167147,1,Same City,Mobile,Afternoon,92,0
144348,8,Different City,ATM,Morning,83,0
46862,5,Same City,POS,Afternoon,117,0
92745,8,Same City,POS,Morning,81,0
125419,4,Same City,ATM,Afternoon,21,0
116455,5,Same City,ATM,Afternoon,10,0
199856,6,Different City,Mobile,Morning,92,0
7069,2,International,Web,Morning,99,0
44566,8,Same City,Web,Evening,112,0
150926,8,International,ATM,Night,118,1
55343,10,Different City,Mobile,Afternoon,64,0
52927,1,International,Web,Night,34,0
28167,2,Same City,ATM,Morning,83,0
188452,1,Same City,Mobile,Morning,25,0
74513,7,International,ATM,Night,45,0
104243,6,International,ATM,Morning,110,1
154497,8,Same City,ATM,Afternoon,30,0
83654,6,International,Web,Morning,34,1
20420,1,Different City,POS,Evening,5,0
91322,1,Different City,Mobile,Evening,101,0
35456,10,Same City,Mobile,Night,105,0
52265,3,Same City,Web,Evening,64,0
140646,5,Different City,Web,Afternoon,42,0
174796,4,Same City,Mobile,Afternoon,38,0
62068,6,International,Web,Afternoon,55,0
167218,8,Different City,ATM,Morning,22,0
126782,10,International,POS,Morning,14,1
132712,2,Same City,Web,Evening,42,0
59807,7,Different City,POS,Night,17,0
127244,4,Different City,Web,Night,115,0
87118,10,Same City,ATM,Morning,76,0
5629,5,Different City,POS,Evening,102,0
138940,1,International,POS,Afternoon,78,0
157057,7,Different City,ATM,Morning,108,0
19932,1,Different City,ATM,Night,34,0
107344,7,Different City,Web,Night,52,0
69577,7,International,Web,Night,55,0
124584,7,International,Mobile,Night,109,1
73683,2,Same City,POS,Afternoon,88,0
78645,9,Same City,POS,Night,74,0
85882,8,Different City,Web,Afternoon,120,0
125765,8,Different City,Mobile,Evening,80,0
173263,7,Same City,Mobile,Evening,4,0
168184,3,International,Web,Afternoon,61,0
7424,2,Same City,Mobile,Afternoon,48,0
149196,7,Same City,Web,Night,95,0
21657,4,International,POS,Afternoon,49,0
178452,5,International,ATM,Morning,23,0
26298,9,International,Mobile,Evening,61,0
67475,9,International,Web,Night,24,0
76762,7,International,Web,Evening,8,0
178453,2,Different City,POS,Night,65,0
44673,6,Different City,ATM,Evening,21,0
14924,1,Same City,ATM,Evening,38,0
197791,4,Same City,POS,Afternoon,61,0
54846,9,Different City,Web,Night,34,0
43571,7,Different City,Mobile,Night,69,0
145049,2,Different City,POS,Night,116,0
189248,1,International,Web,Morning,104,0
99018,6,Different City,ATM,Night,38,0
35916,7,Different City,Mobile,Morning,3,0
106613,6,Same City,Mobile,Afternoon,60,0
112763,10,Same City,Web,Night,42,0
95355,10,International,Web,Night,92,1
45979,5,International,ATM,Afternoon,118,0
48905,10,International,POS,Afternoon,65,0
11002,1,Different City,ATM,Evening,20,0
11994,4,Same City,Web,Evening,73,0
152654,2,Same City,ATM,Night,16,0
74082,9,Same City,Web,Evening,86,0
147456,10,Same City,Web,Afternoon,109,0
144500,4,Same City,Web,Afternoon,119,0
138615,6,Different City,Mobile,Evening,107,0
138283,2,Different City,ATM,Evening,98,0
49449,7,Different City,ATM,Morning,72,0
113613,5,International,Mobile,Afternoon,93,0
31097,7,International,Web,Morning,102,0
22526,4,International,ATM,Afternoon,7,0
20623,5,International,POS,Afternoon,41,0
37382,1,Different City,Mobile,Night,49,0
196835,1,International,Mobile,Night,22,0
31265,10,International,POS,Afternoon,111,0
661,3,Different City,Web,Evening,63,0
160779,4,Same City,Web,Night,72,0
178061,8,Different City,ATM,Night,93,0
119813,6,Same City,Mobile,Night,72,0
192665,3,Same City,Web,Evening,15,0
179440,5,Different City,Web,Evening,90,0
182872,2,International,ATM,Afternoon,70,0
72864,5,Same City,Mobile,Night,106,0
143289,5,Same City,POS,Night,97,0
32079,9,International,POS,Evening,58,0
76585,6,International,POS,Morning,28,0
14653,10,Same City,Mobile,Afternoon,20,0
132932,8,Different City,Mobile,Night,36,0
92575,4,Different City,Mobile,Evening,84,0
149712,7,International,Web,Morning,84,1
76100,6,International,POS,Afternoon,31,0
21809,4,Different City,Mobile,Morning,120,0
123022,10,Same City,Web,Evening,9,0
42777,2,Different City,POS,Afternoon,54,0
194417,2,International,POS,Morning,34,0
46457,6,International,Web,Evening,20,0
4272,7,Same City,ATM,Night,59,0
76058,10,International,POS,Evening,83,0
157352,5,Same City,ATM,Evening,102,0
175177,4,Same City,Web,Afternoon,73,0
126254,3,International,ATM,Evening,115,0
167487,3,Different City,Web,Night,116,0
122269,10,Different City,Mobile,Morning,74,0
38558,10,Same City,POS,Morning,89,0
113456,6,Different City,Mobile,Evening,93,0
163151,5,Different City,ATM,Night,63,0
196052,6,International,ATM,Morning,64,1
169675,9,Different City,Web,Night,59,0
110546,4,Same City,Mobile,Evening,36,0
165943,8,Different City,Web,Afternoon,120,0
41929,6,Different City,POS,Morning,70,0
172143,4,Different City,ATM,Evening,73,0
47361,6,Different City,POS,Evening,117,0
169029,2,Same City,Web,Morning,49,0
64941,7,Different City,POS,Night,21,0
63191,8,Same City,ATM,Evening,28,0
26355,7,Same City,Mobile,Afternoon,71,0
166020,4,Different City,Mobile,Morning,99,0
9207,10,International,Web,Evening,12,0
54543,9,Same City,Web,Afternoon,77,0
56561,3,Different City,Mobile,Afternoon,32,0
141135,8,International,Mobile,Evening,120,1
41196,1,Same City,POS,Morning,78,0
21561,9,Same City,POS,Night,74,0
56512,10,Different City,POS,Night,11,0
28613,8,Different City,Web,Evening,108,0
107338,5,International,ATM,Morning,42,0
175910,6,International,POS,Morning,57,1
26199,5,Different City,Mobile,Evening,40,0
167572,3,International,Web,Afternoon,14,0
51092,5,Different City,Mobile,Afternoon,57,0
138692,4,Different City,Web,Afternoon,34,0
182489,10,Different City,POS,Afternoon,47,0
108835,1,Different City,Mobile,Night,27,0
174464,1,Same City,Web,Evening,49,0
170853,10,International,Web,Afternoon,21,1
163192,1,Same City,Mobile,Night,53,0
122775,7,International,Web,Morning,38,1
113907,1,Different City,ATM,Afternoon,11,0
152037,2,Same City,ATM,Evening,79,0
108820,10,Different City,Web,Morning,7,0
115501,9,Same City,POS,Afternoon,4,0
167501,3,Different City,Web,Afternoon,116,0
122489,4,International,Mobile,Evening,36,0
41119,2,Different City,ATM,Afternoon,88,0
185287,2,Different City,Mobile,Night,20,0
154609,1,Different City,ATM,Night,50,0
151272,8,International,Web,Morning,93,1
926,2,Same City,ATM,Night,45,0
128346,3,Different City,ATM,Afternoon,74,0
22192,4,Same City,Mobile,Evening,109,0
163516,1,International,ATM,Evening,7,0
87385,4,Same City,Web,Afternoon,94,0
54285,3,Same City,ATM,Evening,102,0
170996,9,International,ATM,Evening,75,1
105394,3,International,Web,Afternoon,103,0
182788,9,International,ATM,Afternoon,91,1
97593,6,International,Web,Evening,8,1
173075,10,International,ATM,Morning,67,1
62040,5,Same City,POS,Evening,64,0
38863,9,Same City,ATM,Morning,104,0
136431,10,Different City,ATM,Afternoon,33,0
43562,8,Different City,POS,Afternoon,111,0
60135,10,International,Web,Afternoon,70,0
20166,7,Same City,ATM,Night,56,0
93915,8,Different City,Mobile,Night,48,0
198078,2,Different City,ATM,Night,108,0
3004,4,Same City,POS,Afternoon,118,0
107704,2,Same City,POS,Evening,11,0
81179,4,Same City,Web,Morning,36,0
93347,1,International,Web,Afternoon,116,0
83190,6,International,ATM,Afternoon,27,1
60126,8,Different City,Mobile,Night,61,0
135030,3,International,POS,Afternoon,99,0
56394,3,Same City,Web,Night,115,0
28828,1,International,Web,Morning,60,0
63461,5,International,POS,Night,16,0
118556,9,Same City,Web,Evening,20,0
32907,7,Same City,ATM,Morning,16,0
80382,6,International,Mobile,Morning,22,1
8770,2,International,Mobile,Night,24,0
64540,6,Same City,Mobile,Afternoon,33,0
102036,3,Same City,POS,Night,61,0
193833,7,International,Web,Night,70,1
89104,7,Same City,ATM,Morning,81,0
122923,5,Different City,POS,Morning,25,0
43185,9,Same City,Mobile,Afternoon,94,0
139534,2,Same City,Mobile,Evening,39,0
29400,2,Different City,Mobile,Morning,37,0
38947,8,Different City,POS,Evening,61,0
132940,4,Same City,ATM,Morning,83,0
105298,6,International,POS,Night,29,1
38920,3,Different City,Web,Morning,28,0
84084,5,International,POS,Afternoon,49,0
172885,4,Different City,POS,Night,4,0
141308,10,International,Mobile,Evening,40,1
88553,2,Different City,POS,Evening,60,0
48803,8,Same City,ATM,Night,110,0
197860,9,Different City,ATM,Evening,86,0
60987,7,International,Mobile,Evening,50,0
172885,1,Same City,ATM,Night,51,0
123200,3,International,POS,Morning,39,0
78362,10,Same City,POS,Night,2,0
181671,5,Same City,Web,Afternoon,113,0
163952,7,International,ATM,Night,8,1
94929,4,International,Mobile,Afternoon,95,0
171083,2,International,POS,Night,61,0
42748,6,Different City,Mobile,Afternoon,99,0
70263,1,Same City,Web,Morning,93,0
137612,1,Different City,Mobile,Morning,98,0
179139,6,Different City,ATM,Afternoon,31,0
127863,2,Different City,ATM,Night,119,0
28306,2,International,POS,Evening,32,0
7910,5,International,POS,Morning,111,0
37501,1,Different City,Web,Morning,85,0
177134,1,International,ATM,Night,33,0
29094,5,Same City,Mobile,Afternoon,5,0
142715,1,Same City,ATM,Night,35,0
188277,2,International,Web,Night,67,0
197016,3,International,POS,Morning,58,0
176636,9,Different City,POS,Evening,91,0
118425,1,International,Web,Afternoon,103,0
51927,3,Different City,Web,Afternoon,23,0
64754,9,Different City,Mobile,Night,91,0
39860,1,Same City,Mobile,Morning,93,0
163385,6,Same City,POS,Night,23,0
195632,8,Same City,ATM,Night,75,0
141035,8,Different City,POS,Afternoon,82,0
145360,9,International,POS,Night,105,1
116894,8,International,Mobile,Night,106,1
92561,10,Different City,POS,Afternoon,42,0
22494,10,Different City,Web,Night,23,0
142738,3,International,Mobile,Night,66,0
80140,7,Same City,Mobile,Afternoon,57,0
150956,8,Same City,POS,Afternoon,112,0
38990,7,International,ATM,Evening,32,0
555,10,Different City,ATM,Afternoon,84,0
57642,1,Same City,Mobile,Afternoon,108,0
159765,8,Same City,POS,Morning,74,0
132710,9,Different City,POS,Night,56,0
102005,1,International,Mobile,Afternoon,58,0
108243,10,Same City,Web,Afternoon,72,0
51099,5,Same City,ATM,Night,82,0
110644,6,Different City,Web,Evening,3,0
76144,5,Same City,Mobile,Afternoon,30,0
17458,5,Same City,Mobile,Afternoon,83,0
114849,4,International,Mobile,Night,84,0
175833,10,International,POS,Morning,26,1
59221,2,Same City,Mobile,Night,97,0
118239,10,Same City,Web,Afternoon,84,0
180209,4,Same City,Mobile,Afternoon,79,0
187206,2,Different City,POS,Afternoon,101,0
72217,2,Different City,Mobile,Afternoon,98,0
87958,8,Same City,POS,Morning,53,0
115392,6,Different City,ATM,Evening,87,0
145968,9,Different City,POS,Afternoon,16,0
90958,8,Same City,POS,Evening,89,0
89835,3,International,Web,Evening,44,0
34762,10,Different City,ATM,Afternoon,3,0
15317,8,International,Web,Morning,95,0
24809,9,Same City,ATM,Night,14,0
53071,9,Different City,ATM,Evening,51,0
63399,1,International,Web,Morning,15,0
82332,3,International,Mobile,Afternoon,97,0
107162,4,Different City,Mobile,Night,102,0
122431,9,Same City,POS,Night,91,0
134852,2,International,Mobile,Afternoon,98,0
133892,7,International,Web,Morning,120,1
98537,10,International,POS,Night,33,1
2804,10,International,POS,Night,90,0
71972,7,Different City,POS,Evening,39,0
34285,3,International,ATM,Afternoon,89,0
165931,3,International,ATM,Night,5,0
129777,10,International,Mobile,Morning,89,1
22778,4,Different City,POS,Night,20,0
177488,7,International,Mobile,Morning,2,1
64307,2,Same City,POS,Afternoon,117,0
174916,1,Same City,ATM,Night,61,0
82823,8,International,Mobile,Morning,103,1
87558,1,International,Mobile,Morning,88,0
67870,10,International,Mobile,Morning,58,0
137457,7,International,POS,Evening,10,1
104329,1,Different City,ATM,Afternoon,34,0
159783,10,International,POS,Evening,21,1
144969,1,Same City,ATM,Morning,85,0
46665,3,Different City,Mobile,Morning,32,0
92180,10,Different City,POS,Morning,62,0
79942,10,Different City,Mobile,Night,7,0
14102,2,Same City,Mobile,Evening,12,0
14181,9,Different City,Mobile,Evening,86,0
61303,3,Different City,Mobile,Night,50,0
76274,7,Different City,Web,Afternoon,16,0
194991,1,International,Web,Afternoon,73,0
4507,7,Same City,Web,Morning,89,0
99245,8,Same City,Mobile,Morning,98,0
129009,8,Different City,Web,Evening,10,0
38293,2,Different City,Web,Night,71,0
87659,10,International,POS,Morning,9,1
3072,1,Same City,POS,Night,4,0
32596,4,Same City,Web,Afternoon,78,0
87846,2,International,Web,Morning,95,0
65888,7,Same City,Web,Afternoon,72,0
161818,5,Different City,POS,Evening,10,0
75577,1,Different City,ATM,Night,9,0
79224,1,Same City,Web,Afternoon,118,0
48706,4,International,ATM,Night,68,0
74102,1,Same City,ATM,Night,14,0
20196,7,International,Mobile,Evening,115,0
141535,10,Same City,Mobile,Evening,24,0
69635,2,Same City,Web,Afternoon,70,0
125871,10,Different City,ATM,Afternoon,35,0
91487,4,Different City,POS,Night,88,0
61391,10,International,Web,Afternoon,48,0
139239,1,Different City,ATM,Evening,116,0
115123,7,Different City,POS,Evening,89,0
81029,3,Different City,POS,Afternoon,58,0
5199,4,International,POS,Morning,111,0
147173,7,Different City,Web,Afternoon,64,0
121627,5,Same City,ATM,Morning,42,0
187419,9,International,POS,Morning,118,1
148472,7,Different City,ATM,Evening,22,0
143169,5,Same City,Web,Evening,96,0
184216,4,Same City,Mobile,Morning,72,0
74397,9,Same City,POS,Morning,107,0
142443,7,Different City,POS,Night,2,0
132884,9,Different City,Web,Evening,59,0
138844,6,Different City,Web,Afternoon,65,0
191824,2,International,Mobile,Afternoon,36,0
142517,10,Same City,Mobile,Morning,69,0
132350,9,Different City,Web,Evening,60,0
164297,8,Different City,Web,Evening,5,0
88548,6,Same City,POS,Night,25,0
76350,10,International,Web,Evening,40,0
196145,2,International,POS,Night,21,0
109265,8,Same City,Web,Morning,4,0
72208,9,International,POS,Night,71,0
133300,3,Different City,ATM,Morning,12,0
184220,9,Different City,Web,Evening,101,0
145248,2,Same City,POS,Morning,3,0
177724,8,Same City,Mobile,Evening,63,0
122735,8,Same City,POS,Night,99,0
83288,5,Different City,Web,Afternoon,52,0
28097,7,Different City,Web,Evening,66,0
83980,5,International,POS,Night,73,0
193823,3,Different City,Mobile,Morning,48,0
49369,3,International,Mobile,Morning,42,0
53302,10,International,Mobile,Morning,110,0
165589,8,Different City,ATM,Evening,63,0
37012,3,Same City,Web,Evening,13,0
50444,10,Same City,POS,Morning,8,0
121387,1,Same City,Web,Night,67,0
120763,8,Different City,Web,Afternoon,55,0
65544,10,Same City,POS,Evening,103,0
116938,3,International,Mobile,Night,79,0
85619,6,International,Web,Afternoon,65,1
129479,7,Same City,ATM,Evening,35,0
64262,1,Same City,Mobile,Morning,60,0
162508,2,Same City,Web,Morning,86,0
127250,4,International,Web,Night,33,0
126524,8,Different City,Mobile,Evening,69,0
100050,3,Different City,POS,Afternoon,60,0
145629,6,Same City,POS,Evening,116,0
70720,8,Different City,ATM,Night,11,0
25775,2,Different City,Web,Morning,44,0
120116,2,International,POS,Afternoon,53,0
127916,3,Different City,ATM,Morning,73,0
110230,9,Same City,Mobile,Morning,52,0
113932,2,International,Web,Afternoon,25,0
2725,3,International,ATM,Morning,113,0
128115,3,Same City,ATM,Night,28,0
60733,1,Different City,POS,Afternoon,65,0
58372,8,Same City,ATM,Afternoon,64,0
50458,10,Same City,Web,Morning,14,0
163174,6,International,Web,Afternoon,102,1
62978,7,Different City,POS,Evening,47,0
124075,5,Different City,ATM,Morning,110,0
68083,9,Same City,Web,Evening,37,0
155541,6,Different City,Web,Morning,103,0
102781,9,International,ATM,Morning,23,1
194835,4,Same City,POS,Night,59,0
100022,3,Different City,POS,Night,88,0
122792,6,Same City,POS,Evening,39,0
196456,3,Different City,Mobile,Night,32,0
116072,4,Different City,ATM,Afternoon,102,0
53143,6,Same City,POS,Evening,99,0
142236,4,Same City,Web,Afternoon,86,0
38042,3,International,Mobile,Morning,88,0
46967,7,International,Mobile,Afternoon,106,0
184225,2,International,ATM,Night,117,0
50624,10,Different City,Web,Afternoon,107,0
71661,8,Same City,Web,Evening,64,0
11388,5,Same City,POS,Morning,94,0
180485,9,Same City,ATM,Night,27,0
129272,3,Different City,POS,Night,82,0
111568,5,Same City,Mobile,Evening,29,0
65394,8,International,ATM,Evening,102,0
123485,9,International,ATM,Night,71,1
121353,5,Different City,Web,Evening,83,0
101345,7,International,ATM,Morning,24,1
144591,6,Same City,POS,Afternoon,56,0
195773,2,Same City,Mobile,Night,30,0
120472,3,International,Mobile,Evening,54,0
83330,5,International,Web,Night,62,0
34063,8,Same City,Web,Morning,74,0
110365,4,Different City,Mobile,Afternoon,27,0
170921,10,International,ATM,Afternoon,109,1
147936,1,Different City,Mobile,Morning,106,0
107204,6,International,ATM,Night,12,1
120565,10,Same City,ATM,Evening,57,0
140171,10,Same City,Mobile,Evening,14,0
80469,1,Same City,Web,Afternoon,49,0
169670,4,Same City,Mobile,Evening,104,0
24252,2,Different City,Mobile,Evening,35,0
165573,6,Same City,ATM,Morning,107,0
100953,9,Same City,POS,Night,85,0
178416,6,Different City,Web,Night,31,0
44724,4,Different City,Web,Afternoon,119,0
186994,5,Different City,ATM,Afternoon,93,0
125713,2,Same City,Mobile,Evening,102,0
25080,10,International,POS,Afternoon,19,0
18326,1,Different City,ATM,Evening,83,0
156396,6,International,POS,Morning,20,1
111919,9,Same City,Web,Night,55,0
83837,7,Same City,Web,Afternoon,90,0
176855,3,Same City,ATM,Night,97,0
14255,7,International,Web,Evening,56,0
91433,4,International,ATM,Morning,65,0
93706,3,Different City,ATM,Night,52,0
48511,10,International,ATM,Evening,6,0
181609,10,International,Web,Morning,71,1
83424,4,International,ATM,Morning,69,0
176172,3,Same City,ATM,Afternoon,62,0
82886,5,Same City,ATM,Evening,72,0
70005,8,Same City,ATM,Night,107,0
47583,1,Same City,ATM,Afternoon,50,0
147712,5,Different City,Mobile,Night,114,0
190142,2,Same City,ATM,Evening,114,0
47822,10,Same City,POS,Afternoon,54,0
131176,6,Different City,ATM,Evening,27,0
132657,6,Same City,ATM,Night,90,0
11969,10,International,ATM,Evening,26,0
112492,1,International,ATM,Night,55,0
30683,5,Same City,ATM,Evening,87,0
61655,7,Different City,ATM,Afternoon,44,0
133218,7,Same City,Mobile,Afternoon,97,0
115333,7,Different City,ATM,Afternoon,29,0
6403,8,Same City,Web,Night,120,0
147907,3,Different City,Mobile,Evening,48,0
73843,5,Same City,Web,Afternoon,29,0
194279,5,Different City,ATM,Night,18,0
110298,9,Same City,Web,Evening,50,0
28881,4,Same City,POS,Morning,119,0
127325,4,Different City,POS,Night,102,0
126083,5,Different City,POS,Afternoon,2,0
166684,6,Same City,ATM,Evening,4,0
7737,5,International,Mobile,Evening,35,0
128230,6,Different City,Mobile,Afternoon,66,0
11809,9,Same City,Mobile,Morning,23,0
82943,9,Different City,Web,Morning,90,0
193565,10,Different City,POS,Afternoon,26,0
58671,8,Same City,Web,Night,98,0
95443,10,International,POS,Morning,65,1
119106,10,Same City,ATM,Evening,29,0
52023,7,International,ATM,Evening,115,0
167670,5,International,POS,Afternoon,26,0
101566,1,Different City,POS,Afternoon,62,0
57473,4,International,Mobile,Afternoon,55,0
137668,3,International,Web,Evening,102,0
20491,4,Same City,ATM,Night,36,0
150851,2,Same City,Web,Afternoon,62,0
133427,5,Different City,ATM,Morning,54,0
185756,7,International,POS,Afternoon,72,1
137205,6,Same City,Web,Morning,64,0
147402,3,International,Mobile,Night,39,0
147417,10,Same City,ATM,Afternoon,110,0
77120,5,International,POS,Night,108,0
120336,7,International,Mobile,Night,110,1
10427,6,International,Web,Afternoon,94,0
47736,4,Different City,ATM,Afternoon,81,0
69878,6,Same City,POS,Night,103,0
10859,10,Same City,ATM,Afternoon,34,0
85971,10,Different City,POS,Afternoon,66,0
78504,8,Same City,Web,Evening,16,0
168413,5,Same City,Web,Evening,86,0
77313,5,Same City,Web,Morning,15,0
188581,9,Different City,Mobile,Evening,50,0
102115,1,International,ATM,Evening,17,0
15213,3,International,Mobile,Night,114,0
106436,10,Different City,ATM,Afternoon,24,0
179128,3,Different City,POS,Evening,2,0
142434,3,Different City,Web,Night,99,0
78765,6,Different City,POS,Night,77,0
57136,1,Same City,Mobile,Night,40,0
120236,5,Different City,ATM,Morning,104,0
199150,10,Different City,Mobile,Morning,2,0
20291,6,Different City,POS,Night,66,0
95827,10,International,Web,Morning,35,1
195457,8,International,Web,Night,93,1
115487,7,Different City,Mobile,Afternoon,107,0
149582,8,Same City,Mobile,Afternoon,14,0
81321,5,Same City,ATM,Evening,51,0
168317,10,Same City,ATM,Afternoon,54,0
188112,4,International,POS,Morning,41,0
198199,8,Same City,ATM,Evening,1,0
112406,6,Same City,POS,Evening,109,0
15946,2,Same City,POS,Night,97,0
170197,8,International,Web,Afternoon,14,1
33257,4,Different City,Mobile,Afternoon,45,0
155454,6,Same City,POS,Night,95,0
22898,7,International,Mobile,Night,50,0
197440,4,Different City,ATM,Evening,98,0
157636,6,International,ATM,Morning,5,1
17131,2,Different City,POS,Evening,39,0
185911,6,Same City,ATM,Morning,94,0
13845,6,International,POS,Afternoon,55,0
65662,10,Different City,POS,Night,46,0
3678,5,Different City,Mobile,Evening,104,0
5849,7,International,Web,Night,41,0
186434,6,International,Web,Evening,52,1
1883,9,Different City,ATM,Night,53,0
132977,4,Different City,Mobile,Afternoon,111,0
166960,3,International,Web,Morning,38,0
85697,7,Different City,ATM,Afternoon,68,0
137831,9,Different City,ATM,Morning,99,0
107393,6,Same City,Mobile,Evening,105,0
35645,6,Same City,POS,Morning,12,0
162421,5,Same City,POS,Afternoon,66,0
49849,1,International,ATM,Morning,114,0
167067,8,International,POS,Morning,46,1
80860,3,Different City,ATM,Night,65,0
107859,1,Different City,POS,Evening,106,0
31712,9,Different City,Mobile,Night,58,0
79524,1,Same City,Web,Night,39,0
174952,6,Different City,ATM,Afternoon,112,0
100356,5,Same City,POS,Evening,16,0
39126,2,Same City,ATM,Evening,13,0
183636,5,International,POS,Evening,102,0
20464,3,Same City,POS,Afternoon,28,0
183948,7,Different City,Web,Evening,6,0
25419,7,Same City,POS,Morning,106,0
187839,2,Same City,Mobile,Evening,8,0
3290,1,International,ATM,Afternoon,119,0
169963,6,Same City,POS,Morning,95,0
183932,2,International,POS,Evening,98,0
162011,1,Different City,ATM,Night,120,0
115229,9,Same City,Web,Evening,77,0
28749,10,International,ATM,Evening,29,0
105538,3,Same City,POS,Night,21,0
170622,4,Different City,ATM,Evening,79,0
122504,9,International,ATM,Afternoon,27,1
61161,1,International,ATM,Afternoon,46,0
68655,5,Same City,POS,Afternoon,11,0
87634,1,International,POS,Night,49,0
173647,8,Different City,ATM,Evening,102,0
198323,4,International,Mobile,Night,11,0
194819,10,Different City,ATM,Morning,108,0
78997,8,Different City,POS,Night,35,0
84511,7,Different City,Mobile,Afternoon,74,0
142504,6,Same City,Web,Night,43,0
54707,10,International,ATM,Evening,45,0
69910,9,Different City,POS,Evening,24,0
65503,1,International,Mobile,Morning,68,0
187661,9,International,Web,Morning,117,1
165808,7,International,Web,Night,32,1
6947,7,International,ATM,Morning,67,0
112510,9,Same City,ATM,Evening,11,0
29009,10,Same City,Web,Afternoon,71,0
102308,2,Different City,Web,Night,114,0
144728,5,Same City,Web,Night,114,0
189692,10,Same City,Mobile,Evening,95,0
94832,1,Same City,Mobile,Afternoon,52,0
154895,8,Different City,Mobile,Night,111,0
140090,3,Same City,ATM,Night,7,0
87260,3,International,Mobile,Evening,28,0
36722,5,Same City,Mobile,Evening,101,0
35798,8,Different City,ATM,Night,118,0
1707,4,Same City,ATM,Morning,28,0
11415,8,Different City,Mobile,Night,90,0
144096,9,Different City,Web,Morning,16,0
162866,4,Different City,Mobile,Afternoon,26,0
120483,10,International,Mobile,Afternoon,52,1
194551,10,International,Web,Afternoon,103,1
102417,7,Different City,Web,Evening,89,0
159175,6,Different City,Mobile,Evening,76,0
42038,10,Different City,Mobile,Afternoon,31,0
101566,9,Different City,ATM,Evening,80,0
2295,8,Same City,ATM,Afternoon,79,0
27207,6,Same City,Mobile,Morning,26,0
37551,6,International,Web,Evening,97,0
15898,9,International,Mobile,Morning,53,0
55974,4,Different City,Web,Night,84,0
139907,10,Different City,Mobile,Night,27,0
193792,4,International,POS,Evening,20,0
184642,1,Same City,Mobile,Afternoon,2,0
64649,8,Same City,ATM,Afternoon,77,0
44866,9,International,Web,Night,25,0
64911,1,Same City,ATM,Evening,102,0
124451,4,Different City,POS,Morning,111,0
23167,5,Different City,POS,Morning,59,0
119407,9,Different City,ATM,Morning,38,0
188655,6,Different City,Mobile,Afternoon,44,0
33770,4,Same City,POS,Afternoon,101,0
5047,9,Different City,Mobile,Evening,24,0
187139,1,Same City,Mobile,Evening,57,0
112068,2,International,POS,Evening,68,0
65557,10,Same City,POS,Night,96,0
3663,8,International,Mobile,Morning,73,0
161083,5,International,ATM,Evening,115,0
22379,1,Same City,Web,Night,56,0
159189,10,Different City,POS,Afternoon,32,0
12982,4,Same City,ATM,Night,42,0
131319,4,International,ATM,Night,89,0
136949,10,Same City,Mobile,Afternoon,44,0
62466,4,Different City,POS,Night,84,0
48685,10,Different City,ATM,Morning,81,0
190440,8,Different City,Web,Afternoon,109,0
58039,4,Same City,POS,Afternoon,53,0
45040,3,International,POS,Evening,44,0
176438,2,Different City,Web,Evening,48,0
41390,6,Same City,ATM,Afternoon,101,0
80362,9,Different City,Web,Afternoon,65,0
111975,10,Same City,Web,Morning,11,0
39143,5,Same City,ATM,Night,10,0
158928,2,Same City,Web,Night,37,0
145564,9,Different City,ATM,Morning,59,0
189716,6,Different City,POS,Morning,119,0
103618,2,International,ATM,Afternoon,47,0
84072,6,Different City,Web,Afternoon,8,0
4658,1,International,Web,Evening,108,0
157961,4,International,POS,Evening,8,0
127032,2,Same City,ATM,Afternoon,94,0
45581,7,Different City,ATM,Morning,8,0
98597,10,Different City,Mobile,Afternoon,86,0
191649,6,Same City,Web,Morning,77,0
132135,5,Same City,Web,Night,37,0
5975,9,International,Web,Evening,118,0
197015,7,Same City,Mobile,Morning,91,0
135413,9,Different City,Web,Night,96,0
171644,1,International,POS,Afternoon,112,0
194930,8,Different City,ATM,Afternoon,9,0
39277,3,Same City,POS,Evening,34,0
33266,1,Same City,Mobile,Evening,18,0
161054,10,International,POS,Afternoon,78,1
170307,2,International,ATM,Afternoon,72,0
165229,2,International,POS,Evening,66,0
60643,6,International,Web,Morning,56,0
44375,6,Same City,POS,Night,21,0
49361,3,Different City,POS,Afternoon,1,0
62826,10,Different City,Mobile,Night,120,0
146426,8,International,Mobile,Night,24,1
106423,10,Same City,POS,Afternoon,43,0
123372,10,International,POS,Evening,81,1
37974,4,Same City,ATM,Morning,63,0
188956,1,Same City,Web,Morning,81,0
74083,3,Different City,ATM,Afternoon,60,0
110295,8,Different City,ATM,Morning,35,0
120835,1,International,ATM,Night,17,0
165708,7,International,POS,Morning,34,1
74404,4,Same City,Mobile,Afternoon,79,0
222,6,International,POS,Night,26,0
84089,8,Different City,Web,Night,62,0
2600,3,Different City,Web,Afternoon,8,0
138213,5,Same City,Web,Morning,24,0
119570,4,International,POS,Morning,118,0
489,8,Different City,Mobile,Morning,88,0
34745,9,Same City,POS,Evening,23,0
18275,5,Same City,Web,Evening,100,0
6723,2,Different City,POS,Night,16,0
114612,6,Different City,Mobile,Night,79,0
8555,5,Same City,POS,Night,49,0
125264,8,International,Web,Night,13,1
83612,7,Different City,ATM,Morning,47,0
140553,8,Different City,Mobile,Evening,108,0
54343,6,Different City,Mobile,Evening,22,0
54872,5,International,POS,Night,55,0
192880,8,International,POS,Evening,14,1
60620,5,International,POS,Morning,33,0
114922,5,Same City,ATM,Evening,17,0
65055,2,International,Web,Evening,3,0
37205,1,International,Mobile,Evening,85,0
161480,7,Same City,Web,Night,95,0
34296,9,Different City,ATM,Morning,20,0
189662,9,International,ATM,Morning,94,1
182789,1,Same City,ATM,Evening,85,0
152385,10,International,Mobile,Afternoon,47,1
114807,7,International,ATM,Night,85,1
106741,4,Same City,POS,Night,59,0
135802,6,Same City,ATM,Afternoon,91,0
118295,9,Different City,POS,Evening,22,0
62238,4,International,Mobile,Afternoon,45,0
148228,9,International,Web,Morning,86,1
68356,3,Different City,Web,Morning,60,0
123148,9,Same City,Mobile,Night,57,0
29249,5,Different City,Mobile,Afternoon,38,0
94630,4,Same City,ATM,Afternoon,1,0
97837,3,International,ATM,Morning,97,0
84229,8,Same City,POS,Morning,47,0
134061,8,International,Web,Evening,83,1
41009,1,Same City,POS,Morning,97,0
77594,8,Same City,Mobile,Morning,82,0
138266,4,Different City,POS,Morning,62,0
171880,8,Different City,Mobile,Morning,70,0
52703,7,Different City,POS,Morning,57,0
144434,4,International,ATM,Evening,119,0
199414,1,International,Mobile,Evening,61,0
41039,1,Same City,ATM,Night,55,0
84608,4,International,POS,Afternoon,88,0
187707,2,Different City,POS,Evening,113,0
26823,10,Same City,POS,Night,57,0
180126,7,Same City,Mobile,Morning,68,0
156080,5,Different City,Web,Night,88,0
129848,9,Same City,Mobile,Evening,19,0
7774,5,Different City,Mobile,Evening,36,0
72401,4,Different City,Mobile,Afternoon,40,0
87284,2,Different City,ATM,Night,22,0
71870,7,International,ATM,Evening,18,0
33898,7,Same City,Web,Night,102,0
128134,7,International,Web,Evening,40,1
175782,7,Same City,ATM,Morning,85,0
108932,5,Different City,Web,Evening,83,0
23986,1,International,POS,Evening,69,0
88386,4,Different City,Mobile,Morning,37,0
12906,6,International,POS,Afternoon,71,0
184327,3,Same City,POS,Morning,17,0
161177,8,International,Web,Morning,62,1
96684,8,Different City,Web,Morning,29,0
77294,6,Same City,Mobile,Night,11,0
178472,7,International,ATM,Afternoon,91,1
72922,1,Different City,ATM,Evening,110,0
150720,2,Different City,Web,Evening,39,0
178641,6,International,Mobile,Morning,60,1
168591,10,Different City,ATM,Evening,27,0
139693,8,Same City,ATM,Morning,28,0
42168,10,International,Mobile,Night,80,0
98578,3,Different City,POS,Evening,8,0
24465,6,Same City,Web,Night,100,0
64994,7,International,ATM,Night,107,0
101267,10,International,Mobile,Afternoon,90,1
159001,7,International,Web,Night,50,1
22059,2,Same City,Web,Afternoon,62,0
104306,8,Different City,Mobile,Morning,38,0
115617,3,Different City,ATM,Night,77,0
44044,2,Different City,Mobile,Evening,82,0
154738,7,International,Web,Night,114,1
109304,6,Same City,Mobile,Night,45,0
122938,8,Same City,Web,Night,45,0
195821,1,Different City,Web,Evening,88,0
140635,8,International,Mobile,Night,109,1
102685,4,Same City,POS,Afternoon,43,0
171336,3,Same City,ATM,Night,61,0
97339,4,Same City,Web,Afternoon,57,0
134291,9,Same City,Web,Morning,59,0
112953,8,Different City,Mobile,Night,113,0
181774,7,Different City,POS,Evening,117,0
158705,10,Same City,Web,Afternoon,89,0
21390,9,Different City,POS,Afternoon,42,0
49590,2,International,POS,Evening,11,0
83830,5,International,ATM,Afternoon,20,0
159219,9,Same City,POS,Afternoon,84,0
42051,9,Different City,Web,Morning,15,0
20917,9,Different City,Mobile,Afternoon,100,0
123093,3,Same City,ATM,Night,16,0
11241,1,Same City,Web,Night,28,0
2258,4,Same City,POS,Morning,104,0
32436,6,Different City,ATM,Evening,115,0
141203,10,International,Mobile,Evening,50,1
171029,8,International,POS,Night,40,1
123312,2,Same City,Web,Night,116,0
159019,5,Different City,POS,Night,18,0
127906,9,Different City,Mobile,Morning,87,0
184349,2,Different City,POS,Night,20,0
123881,8,International,ATM,Morning,113,1
102121,1,Same City,POS,Morning,72,0
43463,6,Different City,POS,Night,60,0
71855,2,Different City,Mobile,Morning,58,0
36883,1,Different City,Web,Afternoon,111,0
41824,10,Different City,POS,Morning,61,0
25817,3,Different City,POS,Morning,95,0
177909,8,International,POS,Morning,63,1
71055,2,Same City,ATM,Evening,103,0
137357,8,Same City,ATM,Afternoon,57,0
157577,7,Same City,Web,Afternoon,37,0
107334,8,International,Web,Night,45,1
43746,4,Different City,ATM,Evening,103,0
73908,3,International,ATM,Morning,97,0
97418,1,International,Mobile,Evening,77,0
84004,4,Different City,Mobile,Afternoon,13,0
156561,7,International,Web,Afternoon,89,1
32118,3,Different City,Web,Afternoon,111,0
61595,6,International,ATM,Morning,111,0
35979,6,Same City,Web,Night,64,0
139096,4,Same City,POS,Night,10,0
114778,3,International,ATM,Evening,105,0
105813,2,International,Mobile,Evening,34,0
161006,6,Different City,Mobile,Morning,98,0
96694,5,Different City,Mobile,Morning,32,0
104111,9,Different City,Web,Night,23,0
110249,6,International,Mobile,Afternoon,15,1
48748,1,Same City,ATM,Evening,117,0
123005,10,International,POS,Morning,76,1
155329,9,International,Mobile,Evening,89,1
164720,5,International,POS,Morning,30,0
122536,4,Different City,Mobile,Morning,45,0
188721,5,Different City,Web,Morning,33,0
137435,10,Different City,ATM,Afternoon,34,0
173507,1,Different City,ATM,Evening,18,0
194468,8,International,Web,Night,31,1
3414,1,Different City,POS,Evening,36,0
187799,9,Same City,ATM,Afternoon,3,0
199989,6,Same City,POS,Afternoon,38,0
193335,6,International,Web,Afternoon,78,1
80335,4,Different City,ATM,Morning,116,0
67430,1,Different City,Mobile,Morning,76,0
122898,9,Different City,Mobile,Afternoon,70,0
90703,6,Same City,POS,Night,17,0
25303,4,International,POS,Morning,93,0
5494,10,Different City,POS,Night,100,0
175129,7,International,Mobile,Morning,32,1
144630,8,International,ATM,Morning,101,1
185869,4,International,Web,Morning,29,0
10328,3,Same City,Mobile,Morning,87,0
116987,5,Same City,Mobile,Afternoon,27,0
12612,5,Different City,ATM,Morning,43,0
78931,4,Same City,POS,Afternoon,30,0
35328,9,International,Web,Evening,101,0
36573,4,Different City,ATM,Night,28,0
141731,9,International,Mobile,Evening,14,1
123271,7,Different City,POS,Night,17,0
84062,7,International,ATM,Afternoon,41,1
66989,3,International,Mobile,Night,114,0
139062,9,Same City,ATM,Afternoon,60,0
128778,10,Different City,Mobile,Evening,41,0
110387,8,Same City,Mobile,Afternoon,106,0
44274,3,Different City,Mobile,Evening,93,0
62006,5,International,Mobile,Night,5,0
112716,8,Different City,POS,Night,114,0
146751,5,International,Web,Afternoon,119,0
89211,5,Different City,Web,Night,42,0
154908,4,International,POS,Morning,87,0
105021,10,Different City,POS,Morning,39,0
86496,9,International,Mobile,Night,70,1
74807,4,Different City,Web,Afternoon,93,0
12401,9,Same City,Mobile,Afternoon,104,0
105823,5,Different City,Mobile,Night,23,0
39798,2,International,POS,Evening,59,0
157234,8,Same City,ATM,Evening,40,0
70030,6,Same City,POS,Morning,118,0
144901,9,International,POS,Night,94,1
96148,1,Same City,ATM,Morning,56,0
195866,5,International,Web,Morning,72,0
27725,3,International,ATM,Afternoon,119,0
80449,7,International,POS,Night,43,1
47228,10,Different City,Mobile,Morning,111,0
139323,9,Same City,ATM,Morning,117,0
188076,2,Different City,Web,Morning,65,0
44983,7,International,Mobile,Morning,8,0
111706,9,Different City,Mobile,Afternoon,25,0
24579,2,International,Mobile,Morning,13,0
10364,6,Different City,POS,Morning,85,0
91376,2,International,POS,Afternoon,21,0
154663,7,Different City,ATM,Afternoon,29,0
133129,10,Same City,POS,Afternoon,69,0
182296,4,International,Mobile,Night,12,0
28883,4,Same City,POS,Morning,74,0
145624,10,Different City,POS,Night,7,0
109017,9,Different City,Web,Afternoon,46,0
142510,4,Same City,Mobile,Night,100,0
35486,1,International,Mobile,Night,106,0
145013,2,Different City,Mobile,Afternoon,93,0
90280,9,International,POS,Night,69,1
62532,7,Same City,POS,Night,67,0
65319,1,Same City,Web,Night,11,0
83256,3,International,POS,Morning,16,0
131588,2,Same City,ATM,Afternoon,99,0
139797,2,Same City,ATM,Night,105,0
7311,7,International,ATM,Afternoon,29,0
46548,5,Same City,Web,Night,7,0
22994,6,Same City,Web,Evening,17,0
198152,3,International,POS,Afternoon,100,0
162698,3,International,ATM,Evening,5,0
151778,8,Same City,POS,Afternoon,30,0
180545,2,Different City,POS,Morning,60,0
181660,3,Same City,Web,Night,86,0
25619,5,Same City,POS,Evening,79,0
95391,2,Same City,ATM,Afternoon,4,0
166205,2,Same City,POS,Afternoon,40,0
193050,9,Different City,Web,Night,72,0
157418,2,Same City,ATM,Morning,80,0
131973,9,International,ATM,Evening,56,1
155017,1,International,POS,Morning,56,0
29824,7,Same City,ATM,Night,32,0
51005,1,International,POS,Night,60,0
7651,5,Same City,POS,Afternoon,83,0
127873,5,Different City,Mobile,Night,6,0
67301,10,Same City,POS,Evening,96,0
104284,1,Same City,Web,Afternoon,100,0
64174,9,International,ATM,Morning,23,0
189940,6,Same City,POS,Afternoon,25,0
195322,6,Different City,ATM,Morning,46,0
191923,1,Different City,Web,Morning,96,0
42048,1,International,ATM,Night,101,0
103973,4,Different City,POS,Morning,13,0
93871,7,Different City,Web,Morning,78,0
121033,4,International,ATM,Afternoon,88,0
185241,9,Same City,Mobile,Afternoon,98,0
59188,4,Same City,Web,Afternoon,1,0
134582,5,International,POS,Night,76,0
167269,3,International,ATM,Night,69,0
186711,1,Different City,Web,Evening,91,0
136618,7,Different City,Web,Evening,39,0
82426,4,Same City,POS,Morning,57,0
118126,6,Same City,Mobile,Morning,37,0
180940,2,International,ATM,Night,21,0
157403,4,Same City,Mobile,Evening,37,0
138478,9,Same City,Mobile,Afternoon,51,0
192592,7,Different City,ATM,Afternoon,23,0
125282,5,Different City,Mobile,Night,52,0
148105,9,International,ATM,Morning,101,1
106959,5,International,Mobile,Night,51,0
47934,3,Different City,Mobile,Evening,54,0
172267,3,International,Web,Afternoon,40,0
162376,10,Different City,Web,Morning,15,0
199265,1,Same City,ATM,Night,43,0
117661,6,Different City,Mobile,Afternoon,59,0
186639,7,Same City,Web,Morning,35,0
162023,9,Same City,Mobile,Morning,42,0
143909,8,Different City,ATM,Morning,103,0
76233,9,Same City,ATM,Afternoon,77,0
147902,5,International,Mobile,Evening,3,0
32133,1,Different City,ATM,Morning,20,0
86676,2,International,Web,Morning,63,0
81760,1,International,Web,Afternoon,103,0
5858,8,International,ATM,Morning,38,0
25832,8,Different City,Mobile,Afternoon,84,0
88049,2,Different City,ATM,Night,119,0
185558,7,International,ATM,Night,51,1
69645,4,Different City,POS,Afternoon,57,0
190666,4,International,Web,Evening,93,0
156624,1,Different City,Mobile,Night,37,0
29927,3,International,ATM,Morning,73,0
111676,4,Same City,ATM,Afternoon,53,0
124049,4,Same City,POS,Night,54,0
137181,1,Different City,Mobile,Evening,20,0
137044,10,Same City,ATM,Morning,11,0
116220,7,International,Web,Evening,65,1
108626,8,International,Mobile,Night,86,1
107379,5,International,ATM,Afternoon,20,0
127873,3,Different City,ATM,Evening,114,0
140473,5,International,ATM,Afternoon,107,0
84954,9,International,POS,Evening,79,1
30154,6,Different City,Mobile,Evening,96,0
116534,2,Different City,ATM,Afternoon,28,0
82841,5,Same City,Mobile,Night,49,0
165868,9,International,Mobile,Morning,56,1
161005,6,International,Mobile,Afternoon,55,1
120526,7,Different City,Mobile,Night,55,0
97522,1,International,Web,Morning,100,0
92094,2,Same City,ATM,Afternoon,38,0
116409,9,Same City,ATM,Afternoon,100,0
136051,6,International,ATM,Morning,52,1
4679,8,International,Mobile,Evening,14,0
182122,6,International,ATM,Evening,109,1
112467,10,Different City,ATM,Night,72,0
155851,8,Same City,Mobile,Evening,90,0
198544,3,Different City,Web,Night,36,0
167301,7,International,POS,Afternoon,42,1
26481,4,Different City,Web,Night,115,0
184657,7,Different City,ATM,Night,10,0
130200,3,Different City,Web,Night,8,0
145655,2,Same City,ATM,Afternoon,11,0
17745,8,International,Web,Morning,11,0
85119,7,Different City,POS,Afternoon,39,0
85302,7,International,Web,Evening,3,1
49461,10,International,ATM,Night,77,0
138679,7,Different City,POS,Morning,25,0
5837,10,Different City,POS,Evening,95,0
188946,5,Different City,ATM,Morning,63,0
161816,8,International,Web,Morning,120,1
17945,1,Different City,Web,Morning,98,0
170379,7,Different City,Mobile,Afternoon,70,0
127831,6,Different City,POS,Afternoon,96,0
131972,6,Same City,Mobile,Evening,32,0
60303,2,International,POS,Evening,22,0
43655,4,International,Mobile,Morning,83,0
154924,6,International,Mobile,Night,64,1
177581,4,Different City,ATM,Night,19,0
126336,9,International,POS,Morning,90,1
38408,9,International,Web,Morning,70,0
66041,5,International,Web,Evening,72,0
17523,7,International,Mobile,Morning,119,0
168417,8,Different City,Web,Evening,3,0
65190,5,International,POS,Morning,111,0
130798,4,Same City,Mobile,Night,13,0
119912,6,Same City,Mobile,Evening,85,0
191872,8,International,Web,Morning,66,1
14393,1,Same City,ATM,Morning,86,0
146650,8,Same City,Web,Night,21,0
158827,2,Same City,ATM,Evening,113,0
18499,10,Same City,ATM,Evening,69,0
65290,6,International,POS,Morning,110,0
154071,10,Different City,ATM,Morning,85,0
102177,9,Different City,ATM,Afternoon,85,0
34676,10,Different City,Web,Afternoon,17,0
5304,10,Same City,ATM,Afternoon,30,0
174694,3,International,POS,Evening,35,0
89063,1,Different City,ATM,Morning,111,0
86406,9,International,Web,Night,1,1
81618,10,Different City,Mobile,Morning,70,0
196695,8,Different City,POS,Afternoon,91,0
193209,8,Same City,Web,Evening,50,0
75534,8,International,POS,Afternoon,67,0
127524,8,Different City,ATM,Evening,112,0
39305,1,International,Mobile,Morning,55,0
169027,3,Different City,ATM,Afternoon,68,0
107734,9,Same City,ATM,Night,70,0
158915,2,Same City,Web,Evening,77,0
147968,8,Same City,Web,Morning,29,0
113983,1,Same City,Mobile,Evening,69,0
45812,6,Different City,Web,Morning,19,0
88051,2,Same City,ATM,Evening,103,0
70698,2,International,Web,Afternoon,22,0
146369,5,Same City,Mobile,Afternoon,23,0
73888,6,International,ATM,Afternoon,20,0
105840,7,International,Web,Night,84,1
165694,8,International,Mobile,Morning,62,1
50334,2,Same City,POS,Morning,80,0
192298,4,International,Mobile,Morning,32,0
194603,4,International,POS,Morning,108,0
121082,6,Same City,POS,Night,119,0
140563,6,International,Web,Morning,34,1
191375,7,Different City,ATM,Evening,19,0
129534,8,Same City,Mobile,Morning,105,0
57953,9,International,ATM,Evening,35,0
180894,5,International,ATM,Night,69,0
67591,6,International,POS,Afternoon,94,0
147603,3,Same City,Mobile,Afternoon,23,0
191818,1,Same City,ATM,Morning,12,0
87120,9,International,Mobile,Night,19,1
191033,1,Same City,ATM,Night,39,0
72661,2,Different City,ATM,Morning,83,0
60843,8,International,POS,Night,10,0
134557,1,International,Web,Afternoon,117,0
11352,1,Same City,Mobile,Evening,1,0
184212,2,Different City,Web,Night,69,0
75162,9,Different City,POS,Evening,62,0
169384,1,International,Mobile,Night,39,0
195467,10,Different City,POS,Morning,33,0
129453,8,International,Web,Night,21,1
114544,1,Same City,ATM,Afternoon,86,0
146611,4,Different City,POS,Morning,94,0
145521,6,Same City,POS,Afternoon,12,0
125421,8,Different City,Web,Afternoon,66,0
72511,2,International,ATM,Afternoon,103,0
23917,9,Same City,Web,Evening,28,0
78229,7,Different City,Mobile,Night,90,0
32761,3,Different City,Mobile,Morning,10,0
152363,4,Different City,Web,Afternoon,96,0
87470,2,Different City,POS,Night,29,0
165447,7,Same City,POS,Night,88,0
127747,10,Same City,POS,Night,75,0
15944,2,Same City,ATM,Evening,35,0
175108,4,Same City,ATM,Evening,57,0
146921,6,Different City,POS,Afternoon,27,0
41092,9,International,ATM,Evening,108,0
82971,5,Same City,POS,Morning,67,0
170926,3,Different City,Mobile,Morning,105,0
121884,1,Same City,Web,Evening,28,0
107868,8,Different City,ATM,Night,108,0
70524,1,Same City,ATM,Morning,14,0
147202,4,Same City,POS,Night,77,0
185220,2,Different City,Web,Night,43,0
152282,10,International,Mobile,Afternoon,111,1
147876,6,International,ATM,Night,29,1
749,10,Same City,Mobile,Night,30,0
20975,4,International,POS,Morning,33,0
16785,6,Different City,POS,Night,114,0
132358,8,Same City,POS,Morning,103,0
165649,3,Different City,Mobile,Evening,120,0
63854,4,Different City,Web,Afternoon,19,0
2656,4,Same City,ATM,Night,20,0
106097,2,Same City,Web,Afternoon,94,0
197036,9,Different City,Mobile,Evening,83,0
109496,6,Same City,Web,Night,77,0
192450,2,Different City,Web,Afternoon,98,0
129525,6,Different City,ATM,Morning,73,0
133938,5,Different City,Web,Morning,118,0
151298,5,Different City,POS,Evening,35,0
163998,5,International,Web,Night,13,0
34754,1,Different City,Web,Afternoon,76,0
13925,3,Same City,Mobile,Morning,32,0
56132,6,Same City,Web,Morning,90,0
187109,1,International,POS,Morning,105,0
175605,6,International,ATM,Morning,115,1
16477,2,International,ATM,Afternoon,75,0
2258,2,Different City,Mobile,Morning,44,0
154239,1,Different City,POS,Night,32,0
67050,6,Different City,Web,Evening,64,0
77059,9,International,ATM,Morning,29,0
198432,2,Same City,POS,Morning,44,0
66715,9,Same City,ATM,Night,50,0
115124,7,International,ATM,Morning,22,1
177594,8,Same City,ATM,Morning,7,0
44733,10,Different City,ATM,Night,83,0
97418,2,Same City,Mobile,Afternoon,112,0
163297,6,Same City,Mobile,Night,35,0
187338,4,Different City,Mobile,Morning,74,0
187807,5,Different City,ATM,Evening,44,0
106900,9,Same City,Web,Afternoon,72,0
183837,9,Same City,Web,Night,29,0
75510,4,Different City,ATM,Night,33,0
115525,9,Different City,POS,Morning,114,0
38965,6,International,POS,Morning,49,0
84528,8,Same City,ATM,Night,19,0
51621,5,International,Web,Afternoon,86,0
87323,2,Different City,ATM,Evening,77,0
84186,4,International,Mobile,Evening,92,0
23878,8,Same City,POS,Afternoon,50,0
50840,1,International,POS,Afternoon,86,0
90630,5,International,ATM,Afternoon,9,0
26391,1,International,POS,Evening,71,0
150918,8,Different City,Mobile,Afternoon,98,0
126043,6,Same City,ATM,Afternoon,19,0
143838,7,Same City,Mobile,Night,48,0
120991,3,Different City,ATM,Afternoon,70,0
119770,10,Same City,POS,Afternoon,45,0
184937,8,Same City,ATM,Night,17,0
183339,4,Same City,ATM,Morning,12,0
137977,3,International,ATM,Evening,41,0
118134,3,Different City,Web,Afternoon,14,0
183812,3,Different City,POS,Evening,84,0
14080,7,Same City,Web,Morning,18,0
158795,10,Different City,POS,Night,8,0
22632,2,Same City,POS,Afternoon,22,0
106828,8,Different City,POS,Evening,94,0
165799,4,Same City,Web,Morning,26,0
93212,4,Different City,POS,Night,70,0
67042,9,International,POS,Evening,18,0
64316,6,Different City,POS,Afternoon,43,0
152820,3,Same City,Web,Evening,95,0
18414,1,International,ATM,Evening,44,0
56322,1,Same City,POS,Morning,114,0
145525,4,Different City,POS,Evening,84,0
198922,8,Same City,POS,Evening,12,0
125396,3,Same City,POS,Afternoon,48,0
175869,9,Different City,Web,Night,103,0
19972,4,Different City,ATM,Afternoon,35,0
146141,4,Different City,ATM,Afternoon,26,0
188286,10,International,Mobile,Morning,33,1
110906,8,Different City,Mobile,Night,56,0
135386,10,Same City,Web,Morning,76,0
9007,4,Same City,POS,Evening,78,0
121503,10,Same City,Mobile,Morning,69,0
45398,1,International,POS,Afternoon,76,0
52415,2,Different City,Web,Night,79,0
24966,10,Different City,Web,Morning,103,0
171688,8,International,POS,Morning,116,1
159837,4,Same City,Web,Afternoon,76,0
164058,9,International,ATM,Afternoon,108,1
36415,5,International,ATM,Morning,83,0
23760,1,Different City,POS,Afternoon,73,0
58437,6,International,Web,Evening,59,0
136299,9,Same City,Web,Morning,86,0
6563,10,International,POS,Morning,64,0
79160,6,Different City,Mobile,Afternoon,109,0
88095,1,International,ATM,Morning,18,0
56052,6,International,POS,Afternoon,65,0
56553,8,Different City,ATM,Night,62,0
9289,9,Different City,POS,Afternoon,74,0
69627,10,Same City,ATM,Morning,64,0
158385,4,International,POS,Evening,92,0
42766,3,Same City,ATM,Evening,94,0
90679,5,International,ATM,Morning,39,0
102230,8,Different City,ATM,Afternoon,109,0
6401,9,Same City,ATM,Morning,75,0
156906,8,Different City,POS,Afternoon,25,0
192904,10,Same City,Mobile,Evening,112,0
185077,4,Different City,Web,Morning,52,0
62928,6,Same City,Web,Morning,84,0
106517,4,Same City,POS,Evening,58,0
189436,5,Same City,Mobile,Morning,116,0
5006,8,International,Web,Night,18,0
48382,4,International,ATM,Afternoon,59,0
65827,6,Same City,Web,Night,59,0
120258,9,International,Web,Afternoon,113,1
15523,4,International,POS,Night,4,0
176844,3,Same City,ATM,Afternoon,24,0
163147,6,Different City,Web,Morning,14,0
95626,1,Same City,ATM,Night,93,0
89384,10,Different City,Web,Evening,97,0
103091,6,Same City,Mobile,Evening,77,0
58956,6,Different City,POS,Morning,60,0
60957,5,Different City,Mobile,Evening,36,0
64643,6,Same City,POS,Night,79,0
6609,5,Same City,Web,Afternoon,9,0
12959,9,Different City,Mobile,Evening,45,0
163476,6,International,ATM,Afternoon,76,1
183382,3,Different City,Mobile,Morning,6,0
27568,1,Same City,ATM,Night,74,0
920,1,Same City,Mobile,Night,41,0
91109,4,Same City,POS,Afternoon,22,0
145339,1,International,Mobile,Morning,8,0
107136,7,Different City,Mobile,Night,45,0
23695,3,Same City,Web,Evening,49,0
129055,1,International,Mobile,Afternoon,98,0
123363,10,International,Web,Night,81,1
130333,1,Same City,POS,Afternoon,73,0
160829,1,Different City,ATM,Afternoon,38,0
94386,9,International,ATM,Night,104,1
116339,5,International,ATM,Morning,64,0
153203,9,Same City,ATM,Evening,79,0
161236,6,Different City,ATM,Afternoon,65,0
122097,8,International,Mobile,Evening,97,1
153266,10,Different City,Mobile,Afternoon,69,0
104394,10,International,Mobile,Night,47,1
32886,8,Different City,POS,Night,16,0
53960,3,Different City,Web,Morning,94,0
51273,3,International,Mobile,Morning,7,0
101644,4,International,ATM,Evening,17,0
63121,2,Same City,POS,Morning,25,0
15197,7,Same City,POS,Afternoon,101,0
152405,6,Different City,Web,Night,90,0
19847,4,International,POS,Night,76,0
65548,8,Same City,Web,Morning,81,0
129877,1,Different City,Mobile,Afternoon,41,0
191245,1,Different City,ATM,Afternoon,47,0
178074,10,International,Mobile,Night,43,1
194863,9,Different City,ATM,Evening,99,0
63957,2,Same City,Web,Evening,49,0
66499,2,International,Mobile,Evening,57,0
120121,2,International,POS,Evening,15,0
109466,3,Same City,Mobile,Night,55,0
150415,10,Different City,ATM,Evening,22,0
86124,2,Different City,Mobile,Evening,44,0
168144,7,Different City,POS,Afternoon,14,0
43829,5,International,Mobile,Evening,111,0
105533,6,International,Mobile,Afternoon,115,1
64830,2,International,Mobile,Night,118,0
32301,1,Same City,Mobile,Evening,106,0
172018,8,Same City,POS,Night,106,0
82328,9,Different City,ATM,Night,14,0
184388,3,International,ATM,Morning,103,0
125861,10,Different City,ATM,Afternoon,12,0
86660,9,International,POS,Morning,64,1
7010,10,International,Mobile,Evening,74,0
57038,3,Same City,POS,Night,36,0
18757,5,Same City,Web,Afternoon,66,0
134496,10,Different City,ATM,Night,37,0
184442,8,Same City,Web,Morning,106,0
68481,3,Same City,ATM,Evening,85,0
137455,7,Different City,ATM,Afternoon,4,0
2579,1,International,POS,Night,66,0
143403,5,Same City,Mobile,Evening,96,0
136981,4,Same City,Mobile,Morning,119,0
93222,8,Different City,ATM,Afternoon,117,0
56426,5,Same City,Mobile,Morning,14,0
75413,4,Same City,POS,Night,40,0
156188,6,Same City,Web,Evening,115,0
111798,3,Different City,Mobile,Night,65,0
90048,8,Same City,Web,Morning,3,0
170756,10,Same City,Web,Morning,49,0
66177,10,Different City,POS,Afternoon,81,0
45599,5,Different City,ATM,Evening,33,0
27597,7,Same City,POS,Afternoon,83,0
20193,9,International,Web,Morning,42,0
21975,9,Same City,ATM,Morning,108,0
170003,4,Same City,POS,Evening,12,0
164767,3,Different City,Mobile,Night,17,0
197717,10,Same City,POS,Afternoon,86,0
23360,5,Same City,Mobile,Night,79,0
33030,1,Same City,POS,Morning,110,0
31378,2,Different City,Mobile,Evening,20,0
110348,10,International,Mobile,Morning,83,1
170512,2,International,Mobile,Afternoon,50,0
85823,6,International,ATM,Evening,42,1
29453,3,Different City,Mobile,Morning,49,0
87065,5,International,Mobile,Morning,106,0
54494,1,International,Web,Afternoon,78,0
50396,5,International,Web,Morning,18,0
71536,2,International,Mobile,Morning,90,0
87171,8,Same City,ATM,Evening,45,0
83865,6,Different City,Mobile,Morning,114,0
41566,9,International,ATM,Night,17,0
79717,4,Different City,ATM,Morning,9,0
78299,7,Different City,ATM,Morning,62,0
47267,9,Different City,ATM,Afternoon,83,0
61771,7,International,Mobile,Evening,28,0
118099,3,Same City,POS,Morning,65,0
36242,9,Same City,Mobile,Afternoon,48,0
164645,7,Same City,POS,Afternoon,71,0
63960,9,International,ATM,Morning,65,0
170409,9,International,POS,Night,56,1
36807,7,Same City,POS,Afternoon,95,0
107779,4,Different City,ATM,Evening,20,0
176924,3,Same City,Mobile,Morning,13,0
90398,9,Same City,Web,Afternoon,76,0
146567,3,Same City,ATM,Morning,97,0
53346,6,International,ATM,Afternoon,24,0
109717,8,International,POS,Evening,8,1
83141,10,Same City,POS,Morning,80,0
86052,10,International,ATM,Evening,69,1
61483,9,Different City,ATM,Morning,100,0
27773,1,Same City,ATM,Afternoon,108,0
122547,6,International,Mobile,Morning,82,1
158797,2,Same City,ATM,Evening,52,0
126434,5,Same City,Mobile,Morning,35,0
32515,2,Same City,POS,Morning,50,0
23911,5,International,ATM,Evening,118,0
7489,8,Different City,ATM,Morning,65,0
124150,1,International,ATM,Night,16,0
162574,10,Same City,POS,Night,91,0
17751,4,Different City,Web,Afternoon,11,0
169049,4,International,Mobile,Night,107,0
51013,9,International,ATM,Morning,74,0
9798,5,Different City,POS,Afternoon,102,0
151621,4,International,ATM,Night,68,0
57550,4,Same City,Web,Evening,18,0
21882,5,International,ATM,Afternoon,2,0
154275,10,Same City,ATM,Afternoon,2,0
143557,4,International,Mobile,Afternoon,81,0
123410,5,Different City,Mobile,Morning,36,0
148416,4,Different City,ATM,Evening,101,0
95025,10,International,Web,Night,62,1
144172,9,Same City,Mobile,Afternoon,39,0
41253,4,Same City,ATM,Night,60,0
